Protein_ID,Molecular_Weight(Da)
sp|P05431|FMM1_NEIMB,18060.33984993123
sp|P72097|LST_NEIMB,42583.821933650295
sp|P95370|CYSG_NEIMB,52078.75484297535
sp|Q51161|DHPS_NEIMB,30293.750994832422
sp|Q7DD37|NHBA_NEIMB,50523.04456564827
sp|Q7DDR9|NMFIC_NEIMB,22176.35837105853
sp|Q9JXM7|NALP_NEIMB,113545.33650857629
sp|Q9JXV4|FHBP_NEIMB,28971.84164255581
sp|Q9JZG1|LEU1_NEIMB,55362.55264597026
sp|Q9K0U9|TBPA_NEIMB,102044.26578827226
sp|Q9K0V0|TBPB_NEIMB,77369.56167456644
sp|P0A0S8|FUR_NEIMB,16400.20750893384
sp|P0A0V3|OMP4_NEIMB,26168.41452107091
sp|P0A0Z6|PBPA_NEIMB,88092.44897924275
sp|P30903|DHAS_NEIMB,39832.3843641274
sp|P42385|CH60_NEIMB,57386.850423612654
sp|P55044|FPG_NEIMB,30836.158177853682
sp|P56990|GLYA_NEIMB,44887.89698504333
sp|P63574|ARGJ_NEIMB,42784.977198479624
sp|P65235|KPRS_NEIMB,35575.58812959193
sp|P65932|PYRH_NEIMB,25683.14966316166
sp|Q7DDJ2|NHHA_NEIMB,62074.42008491875
sp|Q9JS33|CYSI_NEIMB,65925.09227995007
sp|Q9JS45|CYSJ_NEIMB,66344.79501076635
sp|Q9JS61|ILVD_NEIMB,66743.41651426062
sp|Q9JXF1|BICOA_NEIMB,64660.40352003415
sp|Q9JXI5|GMHBB_NEIMB,20700.301473565698
sp|Q9JXK7|NADA1_NEIMB,37731.10826612492
tr|Q9JXV5|Q9JXV5_NEIMB,38312.26062621925
sp|Q9JXW7|CRGA_NEIMB,33011.97817736627
sp|Q9JXW8|CARB_NEIMB,117301.44361284385
tr|Q9JYB7|Q9JYB7_NEIMB,42184.983498501024
sp|Q9JYE1|ANIA_NEIMB,40737.327534296885
sp|Q9JYI2|ILVC_NEIMB,36415.34133797257
sp|Q9JYJ8|PYRG_NEIMB,59891.60082583889
sp|Q9JZ42|RLMN_NEIMB,40908.6057269504
sp|Q9JZ53|ENO_NEIMB,46105.0256115779
sp|Q9JZ88|CCA_NEIMB,46845.41599540137
sp|Q9JZR4|DAPA_NEIMB,30860.942345439333
tr|Q9K027|Q9K027_NEIMB,72116.45759303968
tr|Q9K037|Q9K037_NEIMB,134514.30602554712
sp|Q9K075|UBIE_NEIMB,27347.948998045904
sp|Q9K0G6|IXTPA_NEIMB,21494.8583443002
sp|Q9K0N4|DNAK_NEIMB,68749.4089254403
sp|Q9K0U7|PA1_NEIMB,42687.409658811855
sp|Q9K0Y9|MURE_NEIMB,53011.91977625436
sp|Q9K165|SLAM1_NEIMB,56188.86955567487
tr|Q9K1F8|Q9K1F8_NEIMB,101873.99431782075
sp|Q9K1N8|MSRAB_NEIMB,57979.03758478298
sp|Q9K1P3|GLMU_NEIMB,48982.84811451177
sp|H2VFI5|SIAA_NEIMB,42281.336962409165
sp|O33395|UVRB_NEIMB,76866.4103431793
sp|P0A0R0|MURI_NEIMB,29516.438952084573
sp|P0A0R1|BFRA_NEIMB,17949.835133908888
sp|P0A0T3|LGUL_NEIMB,15658.750392533311
sp|P0A0U7|KAD_NEIMB,23176.06046421984
sp|P0A0U9|PBP2_NEIMB,63564.43496879247
sp|P0A0V8|CTRA_NEIMB,41922.900745934174
sp|P0A0W2|FKBP_NEIMB,11781.09464678071
sp|P0A0Y6|GMHA_NEIMB,20975.644823167288
sp|P0A0Z4|MTGA_NEIMB,26585.848466368803
sp|P0C277|FOLD_NEIMB,30125.731430798416
sp|P0DH57|OTC_NEIMB,36692.66137118518
sp|P0DH58|OMPA_NEIMB,42052.30005855167
sp|P0DH59|RECA_NEIMB,37588.29800602377
sp|P30690|OMPB1_NEIMB,35660.02700305414
sp|P32016|CTRD_NEIMB,24785.440159037447
sp|P40391|PGM_NEIMB,49444.42615718231
sp|P55255|RMLA_NEIMB,32141.534749735416
sp|P55294|RMLB_NEIMB,39840.091829476325
sp|P56985|GALE_NEIMB,37038.64221143188
sp|P56992|AROE_NEIMB,28546.735321186443
sp|P56994|HEM1_NEIMB,45451.685197512554
sp|P56995|TRPE_NEIMB,54667.8406039874
sp|P57004|TONB_NEIMB,29181.06719164986
sp|P57007|SERC_NEIMB,41366.54567959758
sp|P57011|FTSY_NEIMB,45115.58347894644
sp|P57029|DNAG_NEIMB,65873.57566358088
sp|P57036|PANC_NEIMB,31061.30866830229
sp|P57065|KCY_NEIMB,23747.66098015823
sp|P58747|MOBA_NEIMB,21713.10107287558
sp|P60594|SPEE_NEIMB,29715.08937985864
sp|P63600|AROK_NEIMB,18968.124544536302
sp|P63700|BFRB_NEIMB,18004.38503462147
sp|P63817|COAD_NEIMB,19530.76432047117
sp|P63904|DCD_NEIMB,21281.498075710508
sp|P63969|DNAJ_NEIMB,40559.296960695065
sp|P64027|EFTU_NEIMB,42881.816038509045
sp|P65192|ISPH_NEIMB,35300.279165950145
sp|P65265|LSPA_NEIMB,18587.7079088169
sp|P65533|NDK_NEIMB,15416.905619863532
sp|P65616|PYRB_NEIMB,34183.55695699418
sp|P65773|NADK_NEIMB,32832.057611793665
sp|P65915|PYRE_NEIMB,23247.163276944113
sp|P66037|RISB_NEIMB,17062.67976831778
sp|P66375|RS12_NEIMB,13699.52195209512
sp|P66704|RPOA_NEIMB,36053.88662168691
sp|P66995|TRPD_NEIMB,37674.490898743985
sp|P95378|FABZ_NEIMB,16615.81892859631
sp|Q06379|LBPA_NEIMB,105616.29657125207
tr|Q4W565|Q4W565_NEIMB,76213.928437831
sp|Q4W568|TILS_NEIMB,47702.115786933646
tr|Q4W573|Q4W573_NEIMB,85326.78872992755
sp|Q4W575|FBPC_NEIMB,37857.91801387502
sp|Q4W580|COAE_NEIMB,22890.26270568862
sp|Q59622|RPOB_NEIMB,155612.9591281921
sp|Q59623|SODC_NEIMB,19507.773121690938
sp|Q70M91|PILQ_NEIMB,82422.56657589888
tr|Q7DD50|Q7DD50_NEIMB,20619.475638709893
tr|Q7DD65|Q7DD65_NEIMB,7810.381920829301
tr|Q7DD90|Q7DD90_NEIMB,53893.5802898057
tr|Q7DDA0|Q7DDA0_NEIMB,18281.76696944948
tr|Q7DDC6|Q7DDC6_NEIMB,27892.782082612022
tr|Q7DDK2|Q7DDK2_NEIMB,27068.616424409473
sp|Q7DDL2|RLME_NEIMB,22706.520796176028
sp|Q7DDL5|CYSK_NEIMB,32800.32300469095
sp|Q7DDS0|NUOK_NEIMB,11070.97523701465
sp|Q7DDS1|NUOI_NEIMB,18144.12164187255
sp|Q9JRT1|CYSH_NEIMB,28073.25498417151
sp|Q9JRV8|ACCA_NEIMB,35484.3389551587
sp|Q9JRW7|BIOB_NEIMB,38768.15328660065
tr|Q9JRY9|Q9JRY9_NEIMB,49542.117368461695
sp|Q9JRZ9|NNRD_NEIMB,30327.845838707122
sp|Q9JXA3|PUR2_NEIMB,44946.774180195556
sp|Q9JXA4|TSAC_NEIMB,21092.542062654768
sp|Q9JXC1|ASSY_NEIMB,49633.066007576555
tr|Q9JXD9|Q9JXD9_NEIMB,28228.322380290618
sp|Q9JXE5|OBG_NEIMB,41903.49023411558
sp|Q9JXE6|SYC_NEIMB,52920.29826701586
sp|Q9JXF5|THIG_NEIMB,28049.265953446633
sp|Q9JXF7|THIE_NEIMB,21591.18432739188
tr|Q9JXG1|Q9JXG1_NEIMB,46326.222747012784
sp|Q9JXG6|GPDA_NEIMB,35315.49487047221
tr|Q9JXH7|Q9JXH7_NEIMB,65102.71378020721
sp|Q9JXI0|THIC_NEIMB,71000.78892760321
sp|Q9JXI2|TRUA_NEIMB,29187.065703713517
sp|Q9JXI7|UBIG_NEIMB,26512.05039429323
sp|Q9JXK4|GLO2_NEIMB,28137.02974577719
sp|Q9JXK5|PUR4_NEIMB,143762.73429840017
sp|Q9JXL4|MNME_NEIMB,47532.96879577772
sp|Q9JXM2|DCDA_NEIMB,44669.880180807304
sp|Q9JXM4|CH10_NEIMB,10324.55459313371
sp|Q9JXQ0|ATPA_NEIMB,55256.67984224453
sp|Q9JXQ2|ATPB_NEIMB,50359.8294872529
sp|Q9JXQ3|ATPE_NEIMB,15022.03966861458
sp|Q9JXR2|GUAA_NEIMB,57648.49887594659
sp|Q9JXR3|MSBA_NEIMB,68859.09931263611
sp|Q9JXR6|FABH_NEIMB,33767.27822647502
sp|Q9JXR8|PLSX_NEIMB,36983.403870412876
sp|Q9JXS9|PPK1_NEIMB,77209.14763922006
sp|Q9JXT8|TPIS_NEIMB,27520.141242930902
sp|Q9JXV7|DXS_NEIMB,68706.27358762751
sp|Q9JXV8|MIAB_NEIMB,49534.25389172469
sp|Q9JXW0|GSA_NEIMB,45285.93329609267
sp|Q9JXX4|CARA_NEIMB,40561.52347211185
sp|Q9JXY0|MURU_NEIMB,24521.62349172765
sp|Q9JXY5|SYY_NEIMB,47224.19369930176
tr|Q9JXY6|Q9JXY6_NEIMB,34322.82647513205
sp|Q9JXY7|SYI_NEIMB,104133.34951087048
tr|Q9JXZ8|Q9JXZ8_NEIMB,40057.77633333828
sp|Q9JY01|AROB_NEIMB,38720.0000806522
sp|Q9JY06|TSAD_NEIMB,37572.36831144833
sp|Q9JY09|METK_NEIMB,42072.37271497239
sp|Q9JY18|ARGC_NEIMB,37190.05616211267
tr|Q9JY62|Q9JY62_NEIMB,120503.42850416247
sp|Q9JY72|TYSY_NEIMB,30257.245612441984
sp|Q9JY86|UBID_NEIMB,55489.469513830925
sp|Q9JY89|GLMM_NEIMB,47658.34649052929
sp|Q9JY95|SYS_NEIMB,47853.35546826441
tr|Q9JY97|Q9JY97_NEIMB,72172.15099315246
sp|Q9JY99|AROC_NEIMB,39423.915900868196
sp|Q9JYA0|TRMA_NEIMB,41282.94081100426
sp|Q9JYB4|APT_NEIMB,20429.949879109874
sp|Q9JYC4|ALR_NEIMB,38795.5783338494
sp|Q9JYE5|RNH_NEIMB,16240.975784233608
tr|Q9JYF3|Q9JYF3_NEIMB,41884.605862646626
tr|Q9JYF6|Q9JYF6_NEIMB,84407.49116987114
sp|Q9JYF7|GPMA_NEIMB,25942.50638350829
sp|Q9JYG6|SYA_NEIMB,95977.5753017286
sp|Q9JYH8|HISX_NEIMB,46294.50710494759
tr|Q9JYI0|Q9JYI0_NEIMB,62772.1493025004
tr|Q9JYI4|Q9JYI4_NEIMB,92656.56273380181
sp|Q9JYI8|FKBA_NEIMB,28875.76609481241
tr|Q9JYI9|Q9JYI9_NEIMB,22436.530196174608
sp|Q9JYJ3|GSHB_NEIMB,35123.089078451885
tr|Q9JYJ4|Q9JYJ4_NEIMB,13749.25222108162
sp|Q9JYJ6|MNMA_NEIMB,40873.71413094769
tr|Q9JYK7|Q9JYK7_NEIMB,73786.40932448457
sp|Q9JYK8|SECA_NEIMB,103230.02921730874
sp|Q9JYL2|DAPE_NEIMB,41299.06594069042
sp|Q9JYM0|DSBD_NEIMB,64883.6348597419
sp|Q9JYM1|ACKA1_NEIMB,42382.91549718837
sp|Q9JYM5|ISPF_NEIMB,17008.97466430144
sp|Q9JYM6|RPIA_NEIMB,23889.42674241361
sp|Q9JYN5|RNPH_NEIMB,25681.212073451963
tr|Q9JYN6|Q9JYN6_NEIMB,43385.36237419467
sp|Q9JYP8|SURE_NEIMB,27017.43127625052
sp|Q9JYQ8|CLPB_NEIMB,95135.97945636742
sp|Q9JYQ9|SYW_NEIMB,37592.211261239885
tr|Q9JYR9|Q9JYR9_NEIMB,49301.11324963583
tr|Q9JYS7|Q9JYS7_NEIMB,29301.86521535079
sp|Q9JYS8|DPO4_NEIMB,35942.94669299316
tr|Q9JYS9|Q9JYS9_NEIMB,75568.81598415886
sp|Q9JYT0|AROD_NEIMB,27168.682416665433
sp|Q9JYU1|AROA_NEIMB,47030.35251516774
sp|Q9JYU6|SYK_NEIMB,57275.91245713507
tr|Q9JYV0|Q9JYV0_NEIMB,36751.653096167734
sp|Q9JYV1|RUVC_NEIMB,18663.02471135573
tr|Q9JYX1|Q9JYX1_NEIMB,66138.4052132813
tr|Q9JYX2|Q9JYX2_NEIMB,54089.61011639342
sp|Q9JYX3|G6PI1_NEIMB,62044.44322059913
tr|Q9JYX5|Q9JYX5_NEIMB,101308.15635810111
sp|Q9JYY0|ISCS_NEIMB,44618.96498795015
sp|Q9JYY1|TRUB_NEIMB,33611.43430559702
sp|Q9JYY3|CLPX_NEIMB,45071.3862743904
sp|Q9JYY4|ARGD_NEIMB,42787.687829406095
sp|Q9JYY8|RLMK_NEIMB,41060.15083135635
sp|Q9JYZ5|PDXH_NEIMB,24200.382973971922
sp|Q9JZ00|GATC_NEIMB,10951.532155988461
sp|Q9JZ07|SUHB_NEIMB,28450.463733416764
sp|Q9JZ24|TRMB_NEIMB,27020.775507578714
sp|Q9JZ36|FTSK1_NEIMB,87902.27912690683
sp|Q9JZ37|TIG_NEIMB,48294.66720221742
sp|Q9JZ38|CLPP_NEIMB,22689.596706024542
sp|Q9JZ40|ISPG_NEIMB,45331.489534481116
sp|Q9JZ56|PAND_NEIMB,13800.180131322011
tr|Q9JZ57|Q9JZ57_NEIMB,151591.33257234382
sp|Q9JZ77|RIBB_NEIMB,39310.156972878176
sp|Q9JZ78|RIBA_NEIMB,21916.14123598689
sp|Q9JZ80|PUR5_NEIMB,36950.8831953762
tr|Q9JZ85|Q9JZ85_NEIMB,26272.44552569991
sp|Q9JZ86|RUVB_NEIMB,37636.90404608997
tr|Q9JZ93|Q9JZ93_NEIMB,62891.11355341424
tr|Q9JZ95|Q9JZ95_NEIMB,90666.07084430642
sp|Q9JZA4|LIPB_NEIMB,22826.68275903735
sp|Q9JZA5|LIPA_NEIMB,37036.750095090945
sp|Q9JZB4|GLND_NEIMB,96947.1502217813
tr|Q9JZB5|Q9JZB5_NEIMB,52350.419441218306
tr|Q9JZB7|Q9JZB7_NEIMB,67217.58635594063
sp|Q9JZF7|ARGB_NEIMB,31263.544184056027
sp|Q9JZG2|PROB_NEIMB,39295.49053452903
sp|Q9JZG4|FTSK2_NEIMB,110895.96863618036
sp|Q9JZG6|FLUC_NEIMB,12465.98196429915
sp|Q9JZG9|PLSY_NEIMB,20671.37185820988
tr|Q9JZH0|Q9JZH0_NEIMB,31956.62020471348
sp|Q9JZH1|F16PA_NEIMB,35558.02619887996
tr|Q9JZH2|Q9JZH2_NEIMB,65030.17325524033
tr|Q9JZH4|Q9JZH4_NEIMB,71689.58817041831
tr|Q9JZI2|Q9JZI2_NEIMB,27906.41061805837
sp|Q9JZI5|LEUC_NEIMB,50811.22521925898
sp|Q9JZI9|LEU3_NEIMB,38958.99357214239
sp|Q9JZJ6|TTCA_NEIMB,35918.55390146996
tr|Q9JZJ9|Q9JZJ9_NEIMB,41149.57409625673
sp|Q9JZL5|DUSC_NEIMB,37234.208161107344
tr|Q9JZL7|Q9JZL7_NEIMB,63361.92498407587
sp|Q9JZM7|PUR9_NEIMB,56767.01162394755
tr|Q9JZM9|Q9JZM9_NEIMB,30531.861607910563
sp|Q9JZP0|PSD_NEIMB,28937.117933040423
sp|Q9JZP1|UVRA_NEIMB,105471.2426675101
tr|Q9JZP3|Q9JZP3_NEIMB,30528.889138611252
sp|Q9JZP4|SUCC_NEIMB,41310.54980447785
tr|Q9JZP8|Q9JZP8_NEIMB,64461.403930378576
tr|Q9JZP9|Q9JZP9_NEIMB,13140.085207306529
sp|Q9JZQ2|METE_NEIMB,85023.87688367881
sp|Q9JZQ3|METF_NEIMB,33035.02195456094
sp|Q9JZQ5|METXS_NEIMB,42146.92790788662
sp|Q9JZR0|MIAA_NEIMB,34848.0229283581
sp|Q9JZW0|CYSA_NEIMB,40160.11071073135
tr|Q9JZW1|Q9JZW1_NEIMB,55158.28285597582
sp|Q9JZW4|ISPE_NEIMB,31295.90492927452
sp|Q9JZW6|PANB_NEIMB,27720.838289492633
sp|Q9JZY1|DER_NEIMB,54029.62867802965
sp|Q9K002|HLDD_NEIMB,38412.010797969415
sp|Q9K005|PYRF_NEIMB,26468.604756204473
sp|Q9K012|PURA_NEIMB,46018.79919660871
sp|Q9K016|MURB_NEIMB,37937.71185026138
tr|Q9K025|Q9K025_NEIMB,36806.568869976276
tr|Q9K040|Q9K040_NEIMB,49501.56043429815
sp|Q9K041|DCUP_NEIMB,39080.174431075444
sp|Q9K048|UPP_NEIMB,22727.920730015358
tr|Q9K054|Q9K054_NEIMB,24680.71710243924
sp|Q9K055|LEPA_NEIMB,65974.44359796788
sp|Q9K060|DAPF_NEIMB,30372.86268317354
sp|Q9K062|PNP_NEIMB,76373.89264163334
tr|Q9K069|Q9K069_NEIMB,16499.39225584507
sp|Q9K081|HPRK_NEIMB,35777.86044344399
sp|Q9K083|UBIA_NEIMB,33128.65446812994
sp|Q9K085|BIOD_NEIMB,23686.442128796178
tr|Q9K086|Q9K086_NEIMB,47922.227396438895
sp|Q9K089|SYFB_NEIMB,85995.2715170679
sp|Q9K092|SYFA_NEIMB,37309.93485848607
sp|Q9K095|SYT_NEIMB,72644.78355759848
sp|Q9K096|TGT_NEIMB,41918.19448986653
sp|Q9K097|HEMH_NEIMB,38015.3923413682
sp|Q9K0A2|LNT_NEIMB,57025.65429951373
sp|Q9K0B0|RLUD_NEIMB,41426.95382404214
tr|Q9K0B4|Q9K0B4_NEIMB,200957.19337205935
sp|Q9K0B7|RSMA_NEIMB,29197.52195577078
tr|Q9K0C4|Q9K0C4_NEIMB,56072.26527235788
sp|Q9K0C7|ERA_NEIMB,34595.27274345701
sp|Q9K0C8|RNC_NEIMB,26835.940999406143
sp|Q9K0D1|PYRC_NEIMB,37060.27099541065
tr|Q9K0D3|Q9K0D3_NEIMB,31688.37828166652
sp|Q9K0D7|LPXK_NEIMB,36984.83279806425
sp|Q9K0D9|KTHY_NEIMB,22971.7321859246
sp|Q9K0E3|DNLJ_NEIMB,92302.45594881075
sp|Q9K0G4|IPYR_NEIMB,19799.09852936853
sp|Q9K0H2|HIS5_NEIMB,23757.74528687278
sp|Q9K0H4|HIS6_NEIMB,26984.185364836623
sp|Q9K0H5|HIS3_NEIMB,14777.283403964218
sp|Q9K0I1|PSRP_NEIMB,30874.83921762811
sp|Q9K0I2|PPSA_NEIMB,87114.92114415558
tr|Q9K0I3|Q9K0I3_NEIMB,47276.71874036196
sp|Q9K0J8|NTPPA_NEIMB,22002.233690332992
sp|Q9K0M4|NQRB_NEIMB,44571.905975235175
sp|Q9K0M5|NQRC_NEIMB,27589.38128119175
sp|Q9K0M7|NQRE_NEIMB,21165.24190901846
sp|Q9K0M8|NQRF_NEIMB,45134.55736708095
sp|Q9K0N0|UBIB_NEIMB,57259.45871145877
tr|Q9K0N6|Q9K0N6_NEIMB,81036.45342117288
sp|Q9K0N7|MACB_NEIMB,69395.12271150411
tr|Q9K0P1|Q9K0P1_NEIMB,130330.6836801729
sp|Q9K0P2|LPXH_NEIMB,27643.488800707448
sp|Q9K0P6|HEM3_NEIMB,33457.60991897356
tr|Q9K0Q2|Q9K0Q2_NEIMB,23615.230185692788
sp|Q9K0Q4|NAGZ_NEIMB,39127.984023813755
sp|Q9K0Q5|QUEE_NEIMB,23694.62632826095
sp|Q9K0Q9|QUEC_NEIMB,24457.086097871652
sp|Q9K0U0|BIOF_NEIMB,43232.237747202016
sp|Q9K0U3|SPEA_NEIMB,70857.59993017535
sp|Q9K0U5|SYDND_NEIMB,68081.65010001117
sp|Q9K0V3|AMIC_NEIMB,45161.762981478576
sp|Q9K0V4|RLML_NEIMB,42636.85969262127
sp|Q9K0V9|PDXJ_NEIMB,26549.00431085535
tr|Q9K0W1|Q9K0W1_NEIMB,39352.12588327656
sp|Q9K0X1|ACKA2_NEIMB,42767.72526484786
tr|Q9K0X5|Q9K0X5_NEIMB,31693.944323817137
sp|Q9K0Y0|DDL_NEIMB,32533.57228723313
sp|Q9K0Y1|MURC_NEIMB,50247.006123110536
sp|Q9K0Y2|MURG_NEIMB,37997.18968123537
tr|Q9K0Y3|Q9K0Y3_NEIMB,47323.15960782478
sp|Q9K0Y4|MURD_NEIMB,48132.79734810056
sp|Q9K0Y6|MRAY_NEIMB,39302.08029134621
tr|Q9K0Y8|Q9K0Y8_NEIMB,48398.62748268478
sp|Q9K0Z3|UPPP_NEIMB,30351.52948465183
tr|Q9K0Z9|Q9K0Z9_NEIMB,129869.95618798365
sp|Q9K105|NADA_NEIMB,40138.339013435056
sp|Q9K107|NADB_NEIMB,54528.47151926621
tr|Q9K112|Q9K112_NEIMB,62034.03979597655
tr|Q9K113|Q9K113_NEIMB,34572.80472189359
tr|Q9K117|Q9K117_NEIMB,54219.54723756556
sp|Q9K118|ANMK_NEIMB,39960.98777381976
tr|Q9K134|Q9K134_NEIMB,52103.793374034096
tr|Q9K142|Q9K142_NEIMB,37971.11265056456
sp|Q9K143|DTD_NEIMB,17628.184082097672
tr|Q9K150|Q9K150_NEIMB,36065.59824910279
sp|Q9K151|FABI_NEIMB,27673.15669486451
sp|Q9K152|DAPD_NEIMB,29391.186661885004
sp|Q9K153|G6PI2_NEIMB,60161.009514395504
sp|Q9K161|QUEF_NEIMB,18094.94573443554
tr|Q9K166|Q9K166_NEIMB,16562.6166731265
sp|Q9K168|DYR_NEIMB,17740.03986711759
tr|Q9K177|Q9K177_NEIMB,49483.19249786249
tr|Q9K181|Q9K181_NEIMB,79230.64530775181
tr|Q9K183|Q9K183_NEIMB,50403.267495594766
sp|Q9K188|AMGK_NEIMB,39074.24530036806
tr|Q9K193|Q9K193_NEIMB,85906.06206160593
sp|Q9K197|BIOH_NEIMB,28189.77889426919
tr|Q9K199|Q9K199_NEIMB,16808.73720055952
sp|Q9K1A4|RSGA_NEIMB,33461.27663354504
tr|Q9K1A8|Q9K1A8_NEIMB,52091.339597439524
sp|Q9K1B0|NUOL_NEIMB,74180.42199852093
sp|Q9K1B4|NUOH_NEIMB,39825.14917379676
sp|Q9K1C2|NUOB_NEIMB,17617.923323437328
tr|Q9K1C3|Q9K1C3_NEIMB,13589.155363068261
tr|Q9K1D0|Q9K1D0_NEIMB,82189.25214617635
sp|Q9K1D5|GLNE_NEIMB,101698.70278773931
sp|Q9K1D7|PYRD_NEIMB,35866.99836602756
tr|Q9K1E4|Q9K1E4_NEIMB,88132.13812190651
sp|Q9K1E9|LFTR_NEIMB,26818.301293481134
sp|Q9K1F1|DAPB_NEIMB,28310.577116650762
sp|Q9K1F9|PDXA_NEIMB,34483.070749175175
sp|Q9K1G1|RNH2_NEIMB,21193.225644975064
sp|Q9K1G8|DXR_NEIMB,41893.4763459212
sp|Q9K1H7|SYV_NEIMB,106617.70605961684
sp|Q9K1J1|RPOC_NEIMB,153665.4162977861
tr|Q9K1K0|Q9K1K0_NEIMB,87011.23489094235
tr|Q9K1K5|Q9K1K5_NEIMB,46280.99879726345
tr|Q9K1M1|Q9K1M1_NEIMB,52402.137520318065
tr|Q9K1M5|Q9K1M5_NEIMB,20995.53209095685
tr|Q9K1N1|Q9K1N1_NEIMB,28323.51057702137
sp|Q9K1P9|GLMS_NEIMB,66577.7053319358
sp|Q9K1Q0|SYM_NEIMB,76803.07806761809
sp|Q9K1Q3|LPXC_NEIMB,33965.4354531988
tr|Q9K1Q5|Q9K1Q5_NEIMB,52997.56236135436
tr|Q9K1Q6|Q9K1Q6_NEIMB,47242.1028027135
sp|Q9K1Q9|MURA_NEIMB,43916.78341040426
sp|Q9K1R0|PGK_NEIMB,40606.320168831015
sp|Q9K1R6|SYE_NEIMB,52683.81825437997
sp|P0A0Q5|ACPS_NEIMB,13668.32110337681
sp|P0A0R9|EXBD_NEIMB,15503.930950691161
sp|P0A0S6|FTSZ_NEIMB,41461.03911287348
sp|P0A0T5|GPXA_NEIMB,19916.1356498787
sp|P0A0U2|IHFB_NEIMB,11796.33290947022
sp|P0A0X1|RL7_NEIMB,12614.717803831642
sp|P0A0X7|RS18_NEIMB,8986.91160996138
sp|P0A0Y4|FBPA_NEIMB,35806.11030759931
sp|P0A0Y8|SSRP_NEIMB,17168.36332664091
sp|P0A0Z2|PXPA_NEIMB,25966.17739387577
sp|P0A0Z7|NEUA_NEIMB,24876.87045971772
sp|P32014|CTRB_NEIMB,43365.65593889167
sp|P32015|CTRC_NEIMB,30175.88652733728
sp|P56927|SYQ_NEIMB,64609.30179029305
sp|P56977|CYAY_NEIMB,11928.66014593439
sp|P57024|LOLB_NEIMB,21127.70093214201
sp|P57026|H8_NEIMB,18532.08685292623
sp|P57031|LOLD_NEIMB,25200.105511310387
sp|P57062|LOLC_NEIMB,45264.04055390471
sp|P57068|LOLA_NEIMB,22270.35895858003
sp|P57090|NADD_NEIMB,22255.27701607344
sp|P57099|GLXK_NEIMB,39512.43386722357
sp|P60444|RL3_NEIMB,22663.95693212792
sp|P60654|SPEB_NEIMB,33883.99435757587
sp|P60733|RL24_NEIMB,11659.55972151757
sp|P61057|RL4_NEIMB,23248.384368916
sp|P63337|6PGL_NEIMB,24964.533334778724
sp|P63442|ACP_NEIMB,8506.08298251742
sp|P63622|ARSC_NEIMB,12860.89187568358
sp|P63916|DEF_NEIMB,19103.05213546861
sp|P64051|EFTS_NEIMB,30310.70815455751
sp|P64100|EXBB_NEIMB,24128.86651013164
sp|P64161|FTSB_NEIMB,10556.38015101239
sp|P64254|GLK_NEIMB,34929.07585163895
sp|P64345|HFQ_NEIMB,10834.69460884717
sp|P64347|HIS1_NEIMB,23248.559965364562
sp|P64371|HIS7_NEIMB,33718.331774226375
sp|P64389|DBHB_NEIMB,9341.98382687993
sp|P64393|IHFA_NEIMB,11415.00927736397
sp|P65113|IF1_NEIMB,8289.39558389601
sp|P65138|IF3_NEIMB,19766.38369159988
sp|P65196|YCIB_NEIMB,19927.61543821529
sp|P65592|NUSG_NEIMB,20537.64853258115
sp|P65877|PTHP_NEIMB,9686.898385197419
sp|P66047|RL10_NEIMB,17583.34571060582
sp|P66088|RL1_NEIMB,24086.987976822664
sp|P66130|RL27_NEIMB,9679.055720547261
sp|P66151|RL28_NEIMB,8812.75350369388
sp|P66169|RL29_NEIMB,7073.9438105761
sp|P66190|RL31_NEIMB,8112.92052820917
sp|P66226|RL33_NEIMB,5933.26519776762
sp|P66251|RL34_NEIMB,5047.98597564617
sp|P66274|RL35_NEIMB,7352.131526373159
sp|P66293|RL361_NEIMB,4486.53111036872
sp|P66295|RL362_NEIMB,4939.75008759553
sp|P66333|RS10_NEIMB,11799.454312959171
sp|P66355|RS11_NEIMB,13910.53276994715
sp|P66386|RS13_NEIMB,13351.12410118316
sp|P66408|RS14_NEIMB,11510.46575104984
sp|P66438|RS16_NEIMB,9285.98409115021
sp|P66487|RS19_NEIMB,10355.742975443502
sp|P66508|RS20_NEIMB,9502.352984599689
sp|P66519|RS21_NEIMB,8349.68379938637
sp|P66540|RS2_NEIMB,26882.01994602976
sp|P66551|RS3_NEIMB,25781.811201316363
sp|P66561|RS4_NEIMB,23235.48504353047
sp|P66577|RS5_NEIMB,18234.70980222209
sp|P66614|RS7_NEIMB,17645.54530090268
sp|P66628|RS8_NEIMB,14114.535900613952
sp|P66642|RS9_NEIMB,14416.796923544569
sp|P66724|RPOZ_NEIMB,7494.94409791111
sp|P66737|RRF_NEIMB,20717.993004381548
sp|P66849|SSB_NEIMB,19440.58922000139
sp|P66892|TATA_NEIMB,7399.93949595796
sp|P67029|SYGA_NEIMB,34188.12132971719
sp|P67217|RIMP_NEIMB,16625.58863226277
sp|P67519|RLMH_NEIMB,17499.0908891177
sp|P67616|FETP_NEIMB,10173.00487346832
sp|P95377|LPXD_NEIMB,36426.516885054
sp|P95379|LPXA_NEIMB,28137.21370703639
sp|Q05013|LIPM_NEIMB,79555.98835490028
sp|Q05014|LPB1_NEIMB,48670.886333783536
sp|Q4W557|KHSE_NEIMB,33597.79894188673
tr|Q4W571|Q4W571_NEIMB,42270.234597113646
tr|Q4W577|Q4W577_NEIMB,52486.007131924474
tr|Q4W582|Q4W582_NEIMB,24203.86952068668
sp|Q51116|LGTB_NEIMB,31557.8928572329
sp|Q51117|LGTE_NEIMB,32768.813387117676
sp|Q51152|YHGF_NEIMB,83110.73187601051
tr|Q7DD47|Q7DD47_NEIMB,29639.60151728409
sp|Q7DD49|RL13_NEIMB,16211.59747451931
tr|Q7DD52|Q7DD52_NEIMB,18934.26027315517
tr|Q7DD54|Q7DD54_NEIMB,13934.97877377344
tr|Q7DD59|Q7DD59_NEIMB,27381.700171489792
tr|Q7DD63|Q7DD63_NEIMB,31201.990937018698
tr|Q7DD64|Q7DD64_NEIMB,31397.70482090661
sp|Q7DD66|ATPF_NEIMB,17128.11220332007
tr|Q7DD68|Q7DD68_NEIMB,12129.16995406263
tr|Q7DD69|Q7DD69_NEIMB,15669.23610460193
tr|Q7DD71|Q7DD71_NEIMB,39351.19657167735
tr|Q7DD75|Q7DD75_NEIMB,43369.65618003492
tr|Q7DD76|Q7DD76_NEIMB,44523.55921383028
tr|Q7DD79|Q7DD79_NEIMB,21975.04828128552
tr|Q7DDB0|Q7DDB0_NEIMB,17394.3625610429
sp|Q7DDB6|Y1497_NEIMB,104157.97572676733
tr|Q7DDC2|Q7DDC2_NEIMB,21906.828690763192
tr|Q7DDC4|Q7DDC4_NEIMB,43473.12616961827
tr|Q7DDC8|Q7DDC8_NEIMB,40453.18490830364
tr|Q7DDD0|Q7DDD0_NEIMB,26052.208449155347
tr|Q7DDD1|Q7DDD1_NEIMB,38266.912257749995
tr|Q7DDD6|Q7DDD6_NEIMB,46516.557965550484
tr|Q7DDG5|Q7DDG5_NEIMB,15581.37442532945
tr|Q7DDG9|Q7DDG9_NEIMB,12452.08204823678
sp|Q7DDH4|Y1126_NEIMB,23783.21696017403
tr|Q7DDI7|Q7DDI7_NEIMB,29294.965014364683
tr|Q7DDJ1|Q7DDJ1_NEIMB,6364.7647598585
tr|Q7DDJ9|Q7DDJ9_NEIMB,105016.32921219678
tr|Q7DDK0|Q7DDK0_NEIMB,48090.15894382738
tr|Q7DDK3|Q7DDK3_NEIMB,13766.75627292947
tr|Q7DDK4|Q7DDK4_NEIMB,26894.22465696153
tr|Q7DDL3|Q7DDL3_NEIMB,18840.35159638339
tr|Q7DDL7|Q7DDL7_NEIMB,40035.08025438594
sp|Q7DDM4|RS15_NEIMB,10379.70977782226
tr|Q7DDM5|Q7DDM5_NEIMB,34346.18481925364
sp|Q7DDM9|GRPE_NEIMB,21308.61744299026
tr|Q7DDN0|Q7DDN0_NEIMB,29381.068359272656
sp|Q7DDN1|ERPA_NEIMB,12282.67028691581
tr|Q7DDN3|Q7DDN3_NEIMB,56785.23022681747
tr|Q7DDQ3|Q7DDQ3_NEIMB,42791.949623254375
sp|Q7DDQ4|FTSL_NEIMB,10179.23693909182
tr|Q7DDQ5|Q7DDQ5_NEIMB,54295.31224741443
tr|Q7DDQ6|Q7DDQ6_NEIMB,17780.40987270799
tr|Q7DDQ9|Q7DDQ9_NEIMB,18181.38351600624
sp|Q7DDR4|RL21_NEIMB,11441.25918241143
tr|Q7DDR6|Q7DDR6_NEIMB,25403.79125101743
tr|Q7DDS5|Q7DDS5_NEIMB,57131.16522161447
sp|Q7DDS7|MIND_NEIMB,29540.39586899921
tr|Q7DDS8|Q7DDS8_NEIMB,47508.56601655735
sp|Q7DDS9|RL30_NEIMB,6941.81102258474
sp|Q7DDT0|RL18_NEIMB,12789.87569751223
sp|Q7DDT2|RL14_NEIMB,13366.40945656911
sp|Q7DDT3|RS17_NEIMB,9824.37174152183
sp|Q7DDT4|RL16_NEIMB,15509.503729778691
sp|Q7DDT5|RL22_NEIMB,11901.546013470952
tr|Q7DDU3|Q7DDU3_NEIMB,47977.57904176297
tr|Q9JRU7|Q9JRU7_NEIMB,46810.255916148744
sp|Q9JS04|HSCA_NEIMB,66125.25344735158
tr|Q9JS34|Q9JS34_NEIMB,34674.896534819214
sp|Q9JS44|MAFA_NEIMB,33979.4842642239
sp|Q9JX94|MUTS_NEIMB,95167.40493851346
tr|Q9JX95|Q9JX95_NEIMB,35822.46815900152
tr|Q9JXB2|Q9JXB2_NEIMB,30943.785913348947
sp|Q9JXB3|RF2_NEIMB,41463.527096108475
tr|Q9JXB5|Q9JXB5_NEIMB,52388.98450349705
sp|Q9JXB8|SSTT_NEIMB,41914.90895637304
tr|Q9JXD4|Q9JXD4_NEIMB,22184.989233866167
sp|Q9JXD7|MQO_NEIMB,53934.18323136599
sp|Q9JXE3|RSMI_NEIMB,31333.451695543252
tr|Q9JXF0|Q9JXF0_NEIMB,17787.39129578898
sp|Q9JXG5|CAPP_NEIMB,101146.46333797241
tr|Q9JXG8|Q9JXG8_NEIMB,34809.15619977675
sp|Q9JXG9|GCH1L_NEIMB,27399.90425792906
tr|Q9JXH0|Q9JXH0_NEIMB,50237.53029823383
tr|Q9JXH1|Q9JXH1_NEIMB,30256.272579274606
sp|Q9JXH2|RMUC_NEIMB,66614.47668779116
tr|Q9JXH4|Q9JXH4_NEIMB,30693.904480158544
tr|Q9JXH5|Q9JXH5_NEIMB,20691.59374393577
tr|Q9JXI6|Q9JXI6_NEIMB,44078.32856068955
sp|Q9JXK1|HSLO_NEIMB,33183.844656567075
tr|Q9JXK2|Q9JXK2_NEIMB,53073.2692884773
tr|Q9JXK3|Q9JXK3_NEIMB,157550.4543507685
tr|Q9JXK6|Q9JXK6_NEIMB,12303.69677053881
tr|Q9JXL3|Q9JXL3_NEIMB,79102.0648847097
tr|Q9JXL6|Q9JXL6_NEIMB,159869.1269897445
tr|Q9JXL7|Q9JXL7_NEIMB,103118.75851618126
sp|Q9JXL8|LUXS_NEIMB,18641.36147368324
sp|Q9JXM5|SLM2_NEIMB,56720.8017076682
sp|Q9JXP4|UBIX_NEIMB,20365.441283128992
sp|Q9JXP5|PARB_NEIMB,31535.928401225392
sp|Q9JXP9|ATPD_NEIMB,19513.462275829672
sp|Q9JXQ1|ATPG_NEIMB,32534.884047621897
sp|Q9JXQ5|SYGB_NEIMB,74527.16820097588
tr|Q9JXQ8|Q9JXQ8_NEIMB,26668.0149351087
tr|Q9JXR1|Q9JXR1_NEIMB,26051.3591062055
tr|Q9JXR4|Q9JXR4_NEIMB,31703.33145893303
sp|Q9JXS0|RL32_NEIMB,6469.3407328149
sp|Q9JXS2|NTPPB_NEIMB,21897.36381460094
sp|Q9JXS4|YIDC_NEIMB,60684.32100606645
sp|Q9JXS6|RNPA_NEIMB,14202.58203520879
sp|Q9JXS7|DNAA_NEIMB,57991.98150406658
tr|Q9JXS8|Q9JXS8_NEIMB,40827.363997275694
sp|Q9JXT2|SYL_NEIMB,98033.7649195612
tr|Q9JXU0|Q9JXU0_NEIMB,23853.41481272065
sp|Q9JXU9|ARGA_NEIMB,47269.44302922385
tr|Q9JXV2|Q9JXV2_NEIMB,16251.08053459891
sp|Q9JXV6|XERC_NEIMB,33971.63498596426
sp|Q9JXW1|ORN_NEIMB,21745.701897102426
sp|Q9JXW2|PRMA_NEIMB,31930.95126126655
tr|Q9JXW3|Q9JXW3_NEIMB,49567.237108948495
sp|Q9JXW4|QUEA_NEIMB,38144.55727674777
tr|Q9JXX6|Q9JXX6_NEIMB,38552.944201037004
tr|Q9JXX9|Q9JXX9_NEIMB,18422.25796699429
sp|Q9JXY2|FTHS_NEIMB,59024.64160511234
sp|Q9JXZ2|DPO3A_NEIMB,127054.61054554806
sp|Q9JXZ9|NRDR_NEIMB,17273.92503753413
sp|Q9JY03|ENGB_NEIMB,23528.356816755477
tr|Q9JY13|Q9JY13_NEIMB,35209.72349647871
sp|Q9JY15|GLRX_NEIMB,9276.52793314
sp|Q9JY16|SECB_NEIMB,16309.19496353409
tr|Q9JY17|Q9JY17_NEIMB,74812.82725940278
tr|Q9JY30|Q9JY30_NEIMB,265458.0272968001
tr|Q9JY35|Q9JY35_NEIMB,17650.907453772103
tr|Q9JY54|Q9JY54_NEIMB,82506.03142732919
tr|Q9JY56|Q9JY56_NEIMB,23586.828316934418
tr|Q9JY60|Q9JY60_NEIMB,40013.98190234322
tr|Q9JY66|Q9JY66_NEIMB,42769.43543269175
tr|Q9JY67|Q9JY67_NEIMB,113901.13350265563
tr|Q9JY69|Q9JY69_NEIMB,11138.73971529025
tr|Q9JY71|Q9JY71_NEIMB,48459.50429661031
tr|Q9JY91|Q9JY91_NEIMB,35865.48197348059
sp|Q9JY93|RF1_NEIMB,39768.062411651284
sp|Q9JY96|RPPH_NEIMB,21005.606765881992
tr|Q9JYA1|Q9JYA1_NEIMB,44720.382360492134
tr|Q9JYA8|Q9JYA8_NEIMB,89163.51564943511
sp|Q9JYB5|KGUA_NEIMB,22486.631734688268
tr|Q9JYB6|Q9JYB6_NEIMB,80083.81045078042
sp|Q9JYC0|PRMB_NEIMB,33934.13399600577
sp|Q9JYC6|DSBB_NEIMB,17689.277646835162
sp|Q9JYD2|IF2_NEIMB,103079.10601619945
tr|Q9JYD3|Q9JYD3_NEIMB,55717.49793761029
tr|Q9JYE2|Q9JYE2_NEIMB,84329.07717549274
tr|Q9JYE7|Q9JYE7_NEIMB,28376.47037740514
tr|Q9JYE9|Q9JYE9_NEIMB,54914.94820191635
sp|Q9JYF4|RSMJ_NEIMB,27269.185699189788
tr|Q9JYF5|Q9JYF5_NEIMB,56049.41814981976
tr|Q9JYG7|Q9JYG7_NEIMB,41895.2307147551
tr|Q9JYH2|Q9JYH2_NEIMB,21303.52086307112
sp|Q9JYH7|HIS8_NEIMB,39905.63695231985
tr|Q9JYH9|Q9JYH9_NEIMB,23195.7414169834
tr|Q9JYJ7|Q9JYJ7_NEIMB,61459.46152659543
tr|Q9JYK4|Q9JYK4_NEIMB,81081.88799639995
tr|Q9JYL4|Q9JYL4_NEIMB,30398.864681190593
tr|Q9JYM3|Q9JYM3_NEIMB,27116.62124536427
sp|Q9JYM4|ISPD_NEIMB,24546.09194138057
sp|Q9JYM8|SYR_NEIMB,62763.30186680195
sp|Q9JYM9|PNCB_NEIMB,46280.83510934801
tr|Q9JYN7|Q9JYN7_NEIMB,21241.35204667822
sp|Q9JYQ3|RECX_NEIMB,17706.24388823421
tr|Q9JYQ5|Q9JYQ5_NEIMB,46228.53908663369
tr|Q9JYR3|Q9JYR3_NEIMB,55885.651507214294
tr|Q9JYS0|Q9JYS0_NEIMB,71612.88468897609
tr|Q9JYS6|Q9JYS6_NEIMB,52226.39398257
sp|Q9JYT1|Y1444_NEIMB,11917.02560052167
sp|Q9JYT2|MUTL_NEIMB,71602.54038135667
tr|Q9JYT5|Q9JYT5_NEIMB,17112.88491253264
sp|Q9JYU3|GREA_NEIMB,17504.12789133867
tr|Q9JYU9|Q9JYU9_NEIMB,50952.50268748658
tr|Q9JYV4|Q9JYV4_NEIMB,97619.41160760482
sp|Q9JYV5|FRPC_NEIMB,197326.78037973138
tr|Q9JYW7|Q9JYW7_NEIMB,82268.29254980045
tr|Q9JYW9|Q9JYW9_NEIMB,39562.317464886495
sp|Q9JYX6|HSCB_NEIMB,19119.40076557046
tr|Q9JYX8|Q9JYX8_NEIMB,13492.511186425538
tr|Q9JYX9|Q9JYX9_NEIMB,13866.915521893883
sp|Q9JYY2|RBFA_NEIMB,14325.5417820043
tr|Q9JYY7|Q9JYY7_NEIMB,51333.79773852575
tr|Q9JYY9|Q9JYY9_NEIMB,11823.141128590929
tr|Q9JYZ1|Q9JYZ1_NEIMB,30346.47855292199
sp|Q9JYZ2|EX7L_NEIMB,50049.15713378007
tr|Q9JYZ4|Q9JYZ4_NEIMB,39486.14991385817
sp|Q9JYZ7|GATB_NEIMB,51878.49688375468
sp|Q9JYZ9|GATA_NEIMB,51247.844889974745
tr|Q9JZ03|Q9JZ03_NEIMB,46344.57585168188
tr|Q9JZ09|Q9JZ09_NEIMB,61789.81030766503
tr|Q9JZ11|Q9JZ11_NEIMB,55188.161695525705
tr|Q9JZ12|Q9JZ12_NEIMB,99499.72064161822
sp|Q9JZ14|SYP_NEIMB,62952.00774655653
sp|Q9JZ16|YQGF_NEIMB,16589.51446863949
sp|Q9JZ20|Y1333_NEIMB,65700.95294072489
tr|Q9JZ21|Q9JZ21_NEIMB,53205.19474793221
sp|Q9JZ26|UVRC_NEIMB,69778.71950245571
tr|Q9JZ27|Q9JZ27_NEIMB,76280.75824468346
tr|Q9JZ28|Q9JZ28_NEIMB,33677.071815519084
sp|Q9JZ29|RS6_NEIMB,13940.20115863345
sp|Q9JZ30|PRIB_NEIMB,11587.104321562809
sp|Q9JZ31|RL9_NEIMB,15737.54698047105
tr|Q9JZ43|Q9JZ43_NEIMB,31411.49063372732
sp|Q9JZ44|RS1_NEIMB,61139.8472800958
sp|Q9JZ47|PLSC_NEIMB,27925.657166940313
tr|Q9JZ50|Q9JZ50_NEIMB,84969.11574199179
tr|Q9JZ52|Q9JZ52_NEIMB,44017.87060377628
sp|Q9JZ55|KDSA_NEIMB,30463.91842663912
tr|Q9JZ62|Q9JZ62_NEIMB,57502.4281604776
tr|Q9JZ64|Q9JZ64_NEIMB,53406.08459043466
tr|Q9JZ70|Q9JZ70_NEIMB,17482.58792530198
tr|Q9JZ74|Q9JZ74_NEIMB,20027.44784827077
tr|Q9JZ76|Q9JZ76_NEIMB,48430.18856318841
tr|Q9JZ81|Q9JZ81_NEIMB,66427.43995627722
sp|Q9JZ92|RECR_NEIMB,22475.34699751344
sp|Q9JZA1|UNG_NEIMB,24572.71631677648
tr|Q9JZB0|Q9JZB0_NEIMB,18254.145075351847
tr|Q9JZB6|Q9JZB6_NEIMB,88931.34589080253
tr|Q9JZE9|Q9JZE9_NEIMB,19293.927103151196
sp|Q9JZF9|LGT_NEIMB,31800.81151766592
sp|Q9JZG3|PROA_NEIMB,45228.40851544337
tr|Q9JZG8|Q9JZG8_NEIMB,13373.03562228146
tr|Q9JZI0|Q9JZI0_NEIMB,89307.55016774718
sp|Q9JZI3|Y1038_NEIMB,24924.10475718735
sp|Q9JZI6|LEUD_NEIMB,24249.18123301377
tr|Q9JZI7|Q9JZI7_NEIMB,47707.359822109465
tr|Q9JZJ1|Q9JZJ1_NEIMB,50729.23887234083
tr|Q9JZM4|Q9JZM4_NEIMB,19235.90299657834
tr|Q9JZN0|Q9JZN0_NEIMB,53817.47286364401
tr|Q9JZN2|Q9JZN2_NEIMB,48501.26517258824
sp|Q9JZN9|Y964_NEIMB,85067.89548410689
tr|Q9JZP5|Q9JZP5_NEIMB,50062.21322145032
tr|Q9JZP6|Q9JZP6_NEIMB,41490.86520580249
sp|Q9JZQ4|RL31B_NEIMB,10458.08617092201
sp|Q9JZQ8|EFP_NEIMB,20866.3276243674
tr|Q9JZR1|Q9JZR1_NEIMB,25971.511620600537
sp|Q9JZR3|RLMB_NEIMB,27449.932089260317
sp|Q9JZR6|PIP_NEIMB,34934.66652233289
tr|Q9JZS1|Q9JZS1_NEIMB,80113.15312588264
sp|Q9JZU7|DUT_NEIMB,16119.308709461911
tr|Q9JZV4|Q9JZV4_NEIMB,24939.66745858859
tr|Q9JZV5|Q9JZV5_NEIMB,52055.54200259389
tr|Q9JZV6|Q9JZV6_NEIMB,21878.81050799396
tr|Q9JZV8|Q9JZV8_NEIMB,29758.1863800543
tr|Q9JZW2|Q9JZW2_NEIMB,42605.66173620883
sp|Q9JZW3|RL25_NEIMB,20943.19414452264
sp|Q9JZX9|SYH_NEIMB,48434.426014161174
tr|Q9JZY0|Q9JZY0_NEIMB,23120.96542455285
sp|Q9JZY2|RDGC_NEIMB,33243.02775711542
tr|Q9JZY9|Q9JZY9_NEIMB,51621.94260791115
tr|Q9JZZ0|Q9JZZ0_NEIMB,62125.69191992469
sp|Q9JZZ5|CLPS_NEIMB,11403.772878444819
tr|Q9JZZ6|Q9JZZ6_NEIMB,85026.50887905387
tr|Q9JZZ7|Q9JZZ7_NEIMB,105688.00888499674
tr|Q9JZZ9|Q9JZZ9_NEIMB,15055.451015918681
tr|Q9K001|Q9K001_NEIMB,57386.96983081262
tr|Q9K003|Q9K003_NEIMB,47756.27971655372
sp|Q9K006|HTPX_NEIMB,30182.92285820295
sp|Q9K013|HISZ_NEIMB,41719.529776282776
sp|Q9K015|NORM_NEIMB,50003.214045561486
tr|Q9K020|Q9K020_NEIMB,28125.1777012225
sp|Q9K023|GCH4_NEIMB,33258.95656472694
tr|Q9K024|Q9K024_NEIMB,42141.4885400398
sp|Q9K029|PTH_NEIMB,21460.23451029633
tr|Q9K043|Q9K043_NEIMB,45573.41302681553
tr|Q9K045|Q9K045_NEIMB,27071.939169802463
tr|Q9K056|Q9K056_NEIMB,37637.97259207607
sp|Q9K063|PUR7_NEIMB,32262.591581015462
tr|Q9K064|Q9K064_NEIMB,33558.838734129225
sp|Q9K068|XERD_NEIMB,32954.16635103229
tr|Q9K070|Q9K070_NEIMB,34113.58794204624
tr|Q9K073|Q9K073_NEIMB,18170.48490634521
tr|Q9K078|Q9K078_NEIMB,61261.390617476456
sp|Q9K080|Y738_NEIMB,32809.882993157014
tr|Q9K090|Q9K090_NEIMB,25381.541463659727
sp|Q9K093|RL20_NEIMB,13701.6460623825
tr|Q9K0A3|Q9K0A3_NEIMB,32849.85489127409
tr|Q9K0A7|Q9K0A7_NEIMB,17554.17647753609
tr|Q9K0A8|Q9K0A8_NEIMB,27112.655288207192
sp|Q9K0B1|BAMD_NEIMB,30895.6981817718
sp|Q9K0B5|TRPB_NEIMB,43181.82322812132
tr|Q9K0C1|Q9K0C1_NEIMB,46713.995438842016
sp|Q9K0C5|GREB_NEIMB,18654.714416282648
sp|Q9K0C6|TRPF_NEIMB,22228.60558404193
sp|Q9K0D0|NUSB_NEIMB,16029.415666115012
sp|Q9K0D4|TRPA_NEIMB,27956.6455285255
sp|Q9K0D6|KDSB_NEIMB,27816.53279675914
tr|Q9K0D8|Q9K0D8_NEIMB,45995.8125808154
tr|Q9K0E0|Q9K0E0_NEIMB,36852.07797288253
tr|Q9K0E1|Q9K0E1_NEIMB,21454.54399509148
tr|Q9K0E4|Q9K0E4_NEIMB,43332.07792011226
tr|Q9K0G7|Q9K0G7_NEIMB,32009.72276791257
sp|Q9K0G8|ARLY_NEIMB,51211.94460899194
sp|Q9K0H3|HIS4_NEIMB,25907.57600299854
sp|Q9K0H6|RF3_NEIMB,59550.705318648645
tr|Q9K0H8|Q9K0H8_NEIMB,41181.87818256241
tr|Q9K0I4|Q9K0I4_NEIMB,45322.41431162171
tr|Q9K0I9|Q9K0I9_NEIMB,47394.1229583675
tr|Q9K0J0|Q9K0J0_NEIMB,66805.13414937766
sp|Q9K0J4|HIS2_NEIMB,11916.20850731598
sp|Q9K0J6|TATB_NEIMB,25044.84338629728
tr|Q9K0J7|Q9K0J7_NEIMB,28508.43503871469
tr|Q9K0K1|Q9K0K1_NEIMB,52748.667244216806
sp|Q9K0K3|RIMM_NEIMB,18863.4152102127
sp|Q9K0K4|TRMD_NEIMB,27869.38184171611
sp|Q9K0K5|RL19_NEIMB,13759.61027490852
sp|Q9K0K9|FRPA_NEIMB,141312.48190690397
tr|Q9K0L3|Q9K0L3_NEIMB,61011.49764459477
sp|Q9K0L7|GCSH_NEIMB,13634.710088150401
sp|Q9K0L8|GCST_NEIMB,39715.375036394595
sp|Q9K0M3|NQRA_NEIMB,48605.61513986508
sp|Q9K0M6|NQRD_NEIMB,22667.13556784519
tr|Q9K0M9|Q9K0M9_NEIMB,38638.27868909438
tr|Q9K0P0|Q9K0P0_NEIMB,36524.59806192957
tr|Q9K0P5|Q9K0P5_NEIMB,43900.61702588218
sp|Q9K0P7|YBEY_NEIMB,19626.74482417109
tr|Q9K0Q0|Q9K0Q0_NEIMB,45583.84168227004
tr|Q9K0Q7|Q9K0Q7_NEIMB,15698.66325821383
tr|Q9K0T8|Q9K0T8_NEIMB,29671.953178408054
tr|Q9K0U1|Q9K0U1_NEIMB,38539.68884865936
tr|Q9K0V5|Q9K0V5_NEIMB,29869.1932848469
sp|Q9K0W0|RECO_NEIMB,29311.39646323544
tr|Q9K0W2|Q9K0W2_NEIMB,44235.99513351182
tr|Q9K0X3|Q9K0X3_NEIMB,95037.36091186521
sp|Q9K0X8|FTSA_NEIMB,44033.0620017631
sp|Q9K0X9|FTSQ_NEIMB,27118.075325134323
sp|Q9K0Z0|RSMH_NEIMB,36092.98668102794
sp|Q9K0Z1|MRAZ_NEIMB,17193.12298321764
tr|Q9K0Z4|Q9K0Z4_NEIMB,23968.766895952722
tr|Q9K0Z7|Q9K0Z7_NEIMB,11639.01422418353
tr|Q9K100|Q9K100_NEIMB,29136.7840197977
tr|Q9K103|Q9K103_NEIMB,31197.168701500614
tr|Q9K106|Q9K106_NEIMB,11845.258337345109
tr|Q9K108|Q9K108_NEIMB,23687.312061904267
tr|Q9K109|Q9K109_NEIMB,85435.7046553478
tr|Q9K135|Q9K135_NEIMB,28155.1374696332
tr|Q9K137|Q9K137_NEIMB,19148.907536923587
tr|Q9K138|Q9K138_NEIMB,34133.77582400076
sp|Q9K139|TAL_NEIMB,37294.32172479983
sp|Q9K141|GLUQ_NEIMB,33099.92088208051
tr|Q9K148|Q9K148_NEIMB,44548.705556189256
tr|Q9K154|Q9K154_NEIMB,31284.73596992252
sp|Q9K155|YACG_NEIMB,7835.787782704119
tr|Q9K162|Q9K162_NEIMB,25607.689244483863
tr|Q9K169|Q9K169_NEIMB,38631.7251662788
tr|Q9K184|Q9K184_NEIMB,22729.707725721622
sp|Q9K187|LPTD_NEIMB,88638.01142719794
tr|Q9K190|Q9K190_NEIMB,55738.001705039074
sp|Q9K192|TRPC_NEIMB,28726.04453580295
sp|Q9K1A0|RLPA_NEIMB,25978.42088210077
sp|Q9K1A2|RUVA_NEIMB,20675.09562729492
sp|Q9K1A5|EX7S_NEIMB,8370.13318469882
tr|Q9K1A9|Q9K1A9_NEIMB,54568.73757692696
tr|Q9K1B2|Q9K1B2_NEIMB,24686.31734245529
tr|Q9K1B5|Q9K1B5_NEIMB,81550.88537201453
tr|Q9K1B8|Q9K1B8_NEIMB,47367.28196322728
tr|Q9K1B9|Q9K1B9_NEIMB,17135.43702779035
sp|Q9K1C0|NUOD_NEIMB,47679.02152016027
sp|Q9K1C1|NUOC_NEIMB,22992.44542479261
tr|Q9K1D8|Q9K1D8_NEIMB,43193.960161791045
sp|Q9K1E1|MNTP_NEIMB,19687.40640368401
tr|Q9K1E2|Q9K1E2_NEIMB,76006.45381528317
tr|Q9K1E5|Q9K1E5_NEIMB,49127.47799083686
tr|Q9K1E8|Q9K1E8_NEIMB,36939.98897245445
sp|Q9K1F0|BAME_NEIMB,13893.38736209666
sp|Q9K1F5|LPXB_NEIMB,42392.878220401544
tr|Q9K1F6|Q9K1F6_NEIMB,36659.79683466364
sp|Q9K1G0|MNMG_NEIMB,69394.79862559467
sp|Q9K1G3|RSMG_NEIMB,22906.12686603242
sp|Q9K1G6|ISPT_NEIMB,28326.66041439744
tr|Q9K1G7|Q9K1G7_NEIMB,29201.398760237855
sp|Q9K1G9|Y183_NEIMB,47994.36169404409
sp|Q9K1H0|BAMA_NEIMB,88381.81895493132
tr|Q9K1H1|Q9K1H1_NEIMB,19118.991157766133
sp|Q9K1H5|DADA_NEIMB,46505.75854553826
sp|Q9K1H6|ZUPT_NEIMB,28406.7508992848
tr|Q9K1H8|Q9K1H8_NEIMB,34048.86048835087
sp|Q9K1H9|MINE_NEIMB,10038.39048793073
sp|Q9K1I0|MINC_NEIMB,26204.54198555859
sp|Q9K1I1|RL17_NEIMB,13763.5934772426
sp|Q9K1I2|RL15_NEIMB,14873.24649495317
sp|Q9K1I3|RL6_NEIMB,18892.03370632954
sp|Q9K1I4|RL5_NEIMB,20309.84676853735
sp|Q9K1I5|RL2_NEIMB,30106.006266458582
sp|Q9K1I6|RL23_NEIMB,11261.20685497171
sp|Q9K1I8|EFG_NEIMB,77195.10337734764
sp|Q9K1J3|RL11_NEIMB,14976.10061872048
tr|Q9K1J4|Q9K1J4_NEIMB,10619.496332898261
tr|Q9K1K3|Q9K1K3_NEIMB,76422.27919594245
sp|Q9K1K6|FMT_NEIMB,32880.20188474923
sp|Q9K1K9|PYRI_NEIMB,16893.82953780457
tr|Q9K1M4|Q9K1M4_NEIMB,43157.78721415442
tr|Q9K1N0|Q9K1N0_NEIMB,15886.83407513911
tr|Q9K1N9|Q9K1N9_NEIMB,30776.44923827
tr|Q9K1P5|Q9K1P5_NEIMB,46089.24800694043
sp|Q9K1P6|EFEMO_NEIMB,42224.694376875836
tr|Q9K1P7|Q9K1P7_NEIMB,30209.16221814365
tr|Q9K1R2|Q9K1R2_NEIMB,34113.14228354171
tr|Q9K1R3|Q9K1R3_NEIMB,23929.79538707125
sp|P0A0Z0|Y1378_NEIMB,15975.26763906567
sp|P63702|Y2020_NEIMB,24437.89080826493
sp|P64131|FISL_NEIMB,8931.52259459123
sp|P66821|SMG_NEIMB,17093.37616938253
sp|P67103|Y681_NEIMB,7891.02093635975
sp|P67259|Y796_NEIMB,10337.484933350761
sp|P67303|YIDD_NEIMB,8231.36059990147
sp|P67536|Y1218_NEIMB,10221.26707832276
tr|Q4W556|Q4W556_NEIMB,7473.73331276738
tr|Q4W558|Q4W558_NEIMB,128715.65775484817
tr|Q4W559|Q4W559_NEIMB,51662.3958456586
tr|Q4W560|Q4W560_NEIMB,5209.75577101071
tr|Q4W561|Q4W561_NEIMB,4669.49418361259
tr|Q4W563|Q4W563_NEIMB,22243.61069921256
tr|Q4W564|Q4W564_NEIMB,12575.51223884145
tr|Q4W566|Q4W566_NEIMB,19382.00819445472
tr|Q4W567|Q4W567_NEIMB,17337.08075864952
tr|Q4W570|Q4W570_NEIMB,20055.52024244873
tr|Q4W572|Q4W572_NEIMB,27892.47069103182
tr|Q4W574|Q4W574_NEIMB,55851.417750754656
tr|Q4W578|Q4W578_NEIMB,17829.95983171777
tr|Q4W579|Q4W579_NEIMB,10221.15944245008
tr|Q4W581|Q4W581_NEIMB,14439.509106508882
tr|Q4W583|Q4W583_NEIMB,13304.4435478067
tr|Q4W584|Q4W584_NEIMB,26394.31688434864
tr|Q4W585|Q4W585_NEIMB,12567.58680280229
tr|Q4W586|Q4W586_NEIMB,23762.1224744613
tr|Q4W587|Q4W587_NEIMB,22329.545660804342
tr|Q4W588|Q4W588_NEIMB,14347.20425044636
tr|Q4W589|Q4W589_NEIMB,12063.292177370291
tr|Q4W590|Q4W590_NEIMB,13229.73307909455
tr|Q4W591|Q4W591_NEIMB,13275.77157277825
tr|Q4W592|Q4W592_NEIMB,14489.20570699834
tr|Q7DD35|Q7DD35_NEIMB,15947.213369608431
tr|Q7DD36|Q7DD36_NEIMB,9605.81273267753
tr|Q7DD38|Q7DD38_NEIMB,13872.902742747381
tr|Q7DD39|Q7DD39_NEIMB,15669.68201906838
tr|Q7DD40|Q7DD40_NEIMB,12248.185914826501
tr|Q7DD41|Q7DD41_NEIMB,11688.059413405621
tr|Q7DD42|Q7DD42_NEIMB,10441.37652014568
tr|Q7DD43|Q7DD43_NEIMB,14471.96381781861
tr|Q7DD44|Q7DD44_NEIMB,7729.89711574562
tr|Q7DD45|Q7DD45_NEIMB,11411.20436995725
tr|Q7DD46|Q7DD46_NEIMB,39403.63488822535
tr|Q7DD48|Q7DD48_NEIMB,10901.633742119719
tr|Q7DD51|Q7DD51_NEIMB,8778.51146106354
tr|Q7DD53|Q7DD53_NEIMB,22085.26945619178
tr|Q7DD55|Q7DD55_NEIMB,50015.73519918289
tr|Q7DD56|Q7DD56_NEIMB,8303.91409052632
tr|Q7DD57|Q7DD57_NEIMB,27602.261730959923
tr|Q7DD58|Q7DD58_NEIMB,24794.68812789342
tr|Q7DD60|Q7DD60_NEIMB,16951.74090982875
tr|Q7DD61|Q7DD61_NEIMB,18495.84349214943
tr|Q7DD62|Q7DD62_NEIMB,14269.57862553734
tr|Q7DD67|Q7DD67_NEIMB,9926.05118035737
tr|Q7DD70|Q7DD70_NEIMB,16572.87142801952
tr|Q7DD72|Q7DD72_NEIMB,70334.33540788098
tr|Q7DD73|Q7DD73_NEIMB,47046.083819186824
tr|Q7DD74|Q7DD74_NEIMB,70909.43661476292
tr|Q7DD77|Q7DD77_NEIMB,20055.07688460077
tr|Q7DD78|Q7DD78_NEIMB,23301.101913493807
tr|Q7DD80|Q7DD80_NEIMB,46720.992338172066
tr|Q7DD81|Q7DD81_NEIMB,10880.029563030828
tr|Q7DD82|Q7DD82_NEIMB,6763.58274158928
tr|Q7DD87|Q7DD87_NEIMB,52508.70413962158
tr|Q7DD88|Q7DD88_NEIMB,23863.135837796868
tr|Q7DD89|Q7DD89_NEIMB,29937.080532748525
tr|Q7DD91|Q7DD91_NEIMB,38039.07389092335
tr|Q7DD92|Q7DD92_NEIMB,22941.188218225412
tr|Q7DD93|Q7DD93_NEIMB,60463.72597880744
tr|Q7DD94|Q7DD94_NEIMB,61323.33697763228
tr|Q7DD95|Q7DD95_NEIMB,20536.4449715271
tr|Q7DD96|Q7DD96_NEIMB,51037.86119451722
tr|Q7DD97|Q7DD97_NEIMB,17500.7777768706
tr|Q7DD98|Q7DD98_NEIMB,33403.233536314016
tr|Q7DD99|Q7DD99_NEIMB,33611.70118482574
tr|Q7DDA1|Q7DDA1_NEIMB,24046.491564003063
tr|Q7DDA2|Q7DDA2_NEIMB,27181.14428627611
tr|Q7DDA9|Q7DDA9_NEIMB,24454.95512180119
tr|Q7DDB1|Q7DDB1_NEIMB,11312.58690887299
tr|Q7DDB2|Q7DDB2_NEIMB,7271.606142795519
tr|Q7DDB3|Q7DDB3_NEIMB,25942.224740173886
tr|Q7DDB4|Q7DDB4_NEIMB,27802.06833446967
tr|Q7DDB5|Q7DDB5_NEIMB,13091.99800200473
tr|Q7DDB7|Q7DDB7_NEIMB,7422.68678483843
tr|Q7DDB8|Q7DDB8_NEIMB,7345.909652381661
tr|Q7DDB9|Q7DDB9_NEIMB,44989.78363724846
tr|Q7DDC0|Q7DDC0_NEIMB,20429.98740827723
tr|Q7DDC1|Q7DDC1_NEIMB,6965.73524692062
tr|Q7DDC3|Q7DDC3_NEIMB,30362.685779320153
tr|Q7DDC5|Q7DDC5_NEIMB,16032.193681747922
tr|Q7DDC7|Q7DDC7_NEIMB,43656.23584970905
tr|Q7DDC9|Q7DDC9_NEIMB,15344.90964261481
tr|Q7DDD2|Q7DDD2_NEIMB,10533.02474426964
tr|Q7DDD4|Q7DDD4_NEIMB,23820.69504900356
tr|Q7DDD5|Q7DDD5_NEIMB,9157.64473671405
tr|Q7DDD7|Q7DDD7_NEIMB,34484.240861633254
tr|Q7DDD8|Q7DDD8_NEIMB,242842.43734591262
tr|Q7DDD9|Q7DDD9_NEIMB,11986.176653832881
tr|Q7DDE0|Q7DDE0_NEIMB,17546.41382600882
sp|Q7DDE8|Y1124_NEIMB,22916.834921251808
tr|Q7DDG2|Q7DDG2_NEIMB,8398.22753259474
tr|Q7DDG6|Q7DDG6_NEIMB,7657.73446709462
tr|Q7DDH5|Q7DDH5_NEIMB,13487.71505279737
tr|Q7DDH8|Q7DDH8_NEIMB,23236.75052715337
tr|Q7DDH9|Q7DDH9_NEIMB,18740.49795007271
tr|Q7DDI0|Q7DDI0_NEIMB,12866.410471662999
sp|Q7DDI1|Y1088_NEIMB,6399.220885895639
tr|Q7DDI2|Q7DDI2_NEIMB,8245.38894369541
tr|Q7DDI3|Q7DDI3_NEIMB,29972.64708092509
tr|Q7DDI4|Q7DDI4_NEIMB,23470.824568966662
tr|Q7DDI6|Q7DDI6_NEIMB,33391.40267564742
tr|Q7DDI8|Q7DDI8_NEIMB,8722.473646444061
tr|Q7DDI9|Q7DDI9_NEIMB,18655.25831170534
tr|Q7DDJ0|Q7DDJ0_NEIMB,13354.9499230434
tr|Q7DDJ8|Q7DDJ8_NEIMB,10877.708070450919
tr|Q7DDK1|Q7DDK1_NEIMB,9788.09359473639
tr|Q7DDK5|Q7DDK5_NEIMB,48207.959120829255
tr|Q7DDK6|Q7DDK6_NEIMB,19408.823972235943
tr|Q7DDK8|Q7DDK8_NEIMB,10192.88909260375
tr|Q7DDK9|Q7DDK9_NEIMB,19520.97899418179
tr|Q7DDL0|Q7DDL0_NEIMB,38419.77375566456
tr|Q7DDL1|Q7DDL1_NEIMB,14799.70938420032
tr|Q7DDL4|Q7DDL4_NEIMB,11516.747100106111
tr|Q7DDL6|Q7DDL6_NEIMB,6654.09121352599
tr|Q7DDL8|Q7DDL8_NEIMB,15731.57452884379
tr|Q7DDL9|Q7DDL9_NEIMB,4396.2923130019
sp|Q7DDM0|Y674_NEIMB,7060.66570627697
tr|Q7DDM1|Q7DDM1_NEIMB,21690.260135184428
tr|Q7DDM2|Q7DDM2_NEIMB,18385.56693003664
tr|Q7DDM6|Q7DDM6_NEIMB,24764.03910526595
tr|Q7DDM7|Q7DDM7_NEIMB,18141.99209257461
tr|Q7DDM8|Q7DDM8_NEIMB,7711.99947936464
tr|Q7DDN2|Q7DDN2_NEIMB,28555.714754092936
tr|Q7DDN4|Q7DDN4_NEIMB,17853.99756764601
tr|Q7DDN5|Q7DDN5_NEIMB,7188.763676431251
tr|Q7DDN6|Q7DDN6_NEIMB,10677.847597688131
tr|Q7DDN7|Q7DDN7_NEIMB,10800.700418054079
tr|Q7DDN8|Q7DDN8_NEIMB,16716.26258960144
tr|Q7DDP1|Q7DDP1_NEIMB,20321.10902631831
tr|Q7DDP3|Q7DDP3_NEIMB,7373.563511009021
tr|Q7DDP4|Q7DDP4_NEIMB,10498.534315713448
tr|Q7DDP5|Q7DDP5_NEIMB,13008.405769847497
tr|Q7DDP6|Q7DDP6_NEIMB,14061.378630804422
tr|Q7DDP7|Q7DDP7_NEIMB,12485.76076997131
tr|Q7DDP8|Q7DDP8_NEIMB,23615.170725861473
tr|Q7DDP9|Q7DDP9_NEIMB,19758.18874808072
tr|Q7DDQ0|Q7DDQ0_NEIMB,40810.31671945557
tr|Q7DDQ2|Q7DDQ2_NEIMB,15645.031404110368
tr|Q7DDQ7|Q7DDQ7_NEIMB,27397.939095942518
tr|Q7DDQ8|Q7DDQ8_NEIMB,56306.2632297122
tr|Q7DDR0|Q7DDR0_NEIMB,31435.67307440607
tr|Q7DDR1|Q7DDR1_NEIMB,45243.893264050435
tr|Q7DDR2|Q7DDR2_NEIMB,61925.83779193626
tr|Q7DDR3|Q7DDR3_NEIMB,35515.05910010249
tr|Q7DDR5|Q7DDR5_NEIMB,9567.98835890555
tr|Q7DDR7|Q7DDR7_NEIMB,78812.59415868609
tr|Q7DDR8|Q7DDR8_NEIMB,13891.422738719839
tr|Q7DDS2|Q7DDS2_NEIMB,22283.8485684346
tr|Q7DDS4|Q7DDS4_NEIMB,18461.149572466722
tr|Q7DDS6|Q7DDS6_NEIMB,51757.96749054423
tr|Q7DDT7|Q7DDT7_NEIMB,18906.59010860881
tr|Q7DDT8|Q7DDT8_NEIMB,7287.734999578321
tr|Q7DDU0|Q7DDU0_NEIMB,38323.343518941154
tr|Q7DDU1|Q7DDU1_NEIMB,38025.70401982806
tr|Q7DDU2|Q7DDU2_NEIMB,16843.34827000663
tr|Q9JRT0|Q9JRT0_NEIMB,25900.25674288647
tr|Q9JRT4|Q9JRT4_NEIMB,9934.547904620771
tr|Q9JRT9|Q9JRT9_NEIMB,36839.71482980508
tr|Q9JRU2|Q9JRU2_NEIMB,5158.436212905761
tr|Q9JRU5|Q9JRU5_NEIMB,7571.592519721519
tr|Q9JRU9|Q9JRU9_NEIMB,33024.984547315195
tr|Q9JRV5|Q9JRV5_NEIMB,47085.909049944166
tr|Q9JRV6|Q9JRV6_NEIMB,14746.957231061639
tr|Q9JRW6|Q9JRW6_NEIMB,38041.020792721334
tr|Q9JRX0|Q9JRX0_NEIMB,6158.19525268791
tr|Q9JRX5|Q9JRX5_NEIMB,10389.33448917624
tr|Q9JRY5|Q9JRY5_NEIMB,24965.03515478044
tr|Q9JRY6|Q9JRY6_NEIMB,41093.83288545833
tr|Q9JRY8|Q9JRY8_NEIMB,24005.94573168341
sp|Q9JRZ6|Y1133_NEIMB,29178.51041020217
tr|Q9JRZ8|Q9JRZ8_NEIMB,21467.91460514209
tr|Q9JS13|Q9JS13_NEIMB,23126.253654932938
tr|Q9JS17|Q9JS17_NEIMB,14429.052635016618
tr|Q9JS19|Q9JS19_NEIMB,10026.452381526491
tr|Q9JS22|Q9JS22_NEIMB,5157.5568180358305
tr|Q9JS28|Q9JS28_NEIMB,37982.98882388671
tr|Q9JS30|Q9JS30_NEIMB,11024.494757062348
tr|Q9JS32|Q9JS32_NEIMB,5098.373042211039
tr|Q9JS37|Q9JS37_NEIMB,10190.52778050649
tr|Q9JS43|Q9JS43_NEIMB,25416.14971440095
tr|Q9JS54|Q9JS54_NEIMB,10795.390626191618
tr|Q9JS68|Q9JS68_NEIMB,7699.31062782367
tr|Q9JS69|Q9JS69_NEIMB,14522.35709262447
tr|Q9JX96|Q9JX96_NEIMB,25113.05877588776
tr|Q9JX97|Q9JX97_NEIMB,23352.669873158407
tr|Q9JX98|Q9JX98_NEIMB,36174.93661393036
tr|Q9JX99|Q9JX99_NEIMB,26930.64199373336
tr|Q9JXA0|Q9JXA0_NEIMB,32559.274982950297
tr|Q9JXA1|Q9JXA1_NEIMB,22856.91141936589
tr|Q9JXA2|Q9JXA2_NEIMB,12644.05149127422
tr|Q9JXA5|Q9JXA5_NEIMB,10004.04231956795
tr|Q9JXA6|Q9JXA6_NEIMB,4128.03045082026
tr|Q9JXA7|Q9JXA7_NEIMB,7023.76638089144
tr|Q9JXA8|Q9JXA8_NEIMB,22595.390627228164
tr|Q9JXA9|Q9JXA9_NEIMB,28664.85863843459
sp|Q9JXB0|Y2142_NEIMB,31582.675676892628
tr|Q9JXB1|Q9JXB1_NEIMB,16647.71319021659
tr|Q9JXB4|Q9JXB4_NEIMB,7548.86467254741
tr|Q9JXB6|Q9JXB6_NEIMB,148640.8575248105
tr|Q9JXB7|Q9JXB7_NEIMB,69758.58298692363
tr|Q9JXB9|Q9JXB9_NEIMB,8085.328688598249
tr|Q9JXC0|Q9JXC0_NEIMB,9640.21000891947
tr|Q9JXC2|Q9JXC2_NEIMB,29710.93700402448
tr|Q9JXC3|Q9JXC3_NEIMB,35982.806942999516
tr|Q9JXC4|Q9JXC4_NEIMB,14741.04117370586
tr|Q9JXC5|Q9JXC5_NEIMB,4886.48540983404
tr|Q9JXC6|Q9JXC6_NEIMB,13913.04603132094
tr|Q9JXC7|Q9JXC7_NEIMB,3802.1179008154004
tr|Q9JXC8|Q9JXC8_NEIMB,13268.96983413742
tr|Q9JXC9|Q9JXC9_NEIMB,13939.80107762489
tr|Q9JXD0|Q9JXD0_NEIMB,9658.07197974809
tr|Q9JXD1|Q9JXD1_NEIMB,13800.89836402774
tr|Q9JXD2|Q9JXD2_NEIMB,52756.40085107534
tr|Q9JXD3|Q9JXD3_NEIMB,8945.72578333765
tr|Q9JXD5|Q9JXD5_NEIMB,21862.252581872868
tr|Q9JXD6|Q9JXD6_NEIMB,3471.74046588458
tr|Q9JXD8|Q9JXD8_NEIMB,13280.84498725442
tr|Q9JXE0|Q9JXE0_NEIMB,22728.72001720897
tr|Q9JXE1|Q9JXE1_NEIMB,21732.50035872433
sp|Q9JXE2|Y2089_NEIMB,13000.74623159274
tr|Q9JXE4|Q9JXE4_NEIMB,13214.699875491919
tr|Q9JXE7|Q9JXE7_NEIMB,12674.96034787204
tr|Q9JXE8|Q9JXE8_NEIMB,19621.9475258578
tr|Q9JXE9|Q9JXE9_NEIMB,20979.39438002776
tr|Q9JXF2|Q9JXF2_NEIMB,31050.271918505583
tr|Q9JXF3|Q9JXF3_NEIMB,7435.7249546822
tr|Q9JXF4|Q9JXF4_NEIMB,5419.75465757561
tr|Q9JXF6|Q9JXF6_NEIMB,6652.5367236294105
tr|Q9JXF8|Q9JXF8_NEIMB,40540.91443228184
tr|Q9JXF9|Q9JXF9_NEIMB,42387.46402502741
tr|Q9JXG0|Q9JXG0_NEIMB,50721.681310974076
tr|Q9JXG2|Q9JXG2_NEIMB,48065.47177629276
sp|Q9JXG3|SLYX_NEIMB,8643.39524501099
tr|Q9JXG4|Q9JXG4_NEIMB,27182.75448465449
tr|Q9JXG7|Q9JXG7_NEIMB,12784.7642854865
tr|Q9JXH3|Q9JXH3_NEIMB,23459.000342996347
tr|Q9JXH6|Q9JXH6_NEIMB,16520.374214502797
tr|Q9JXH8|Q9JXH8_NEIMB,34553.04838110735
tr|Q9JXH9|Q9JXH9_NEIMB,32021.74469541046
tr|Q9JXI1|Q9JXI1_NEIMB,11781.305783360951
tr|Q9JXI3|Q9JXI3_NEIMB,26272.88169596311
tr|Q9JXI4|Q9JXI4_NEIMB,27903.847570569567
tr|Q9JXI8|Q9JXI8_NEIMB,47539.05347704481
tr|Q9JXI9|Q9JXI9_NEIMB,57313.615760528395
tr|Q9JXJ0|Q9JXJ0_NEIMB,24989.040263969677
tr|Q9JXJ1|Q9JXJ1_NEIMB,15789.56261638953
tr|Q9JXJ2|Q9JXJ2_NEIMB,16823.89585858767
tr|Q9JXJ3|Q9JXJ3_NEIMB,10306.23420469681
tr|Q9JXJ4|Q9JXJ4_NEIMB,9404.69047973504
tr|Q9JXJ5|Q9JXJ5_NEIMB,24350.52808573442
tr|Q9JXJ6|Q9JXJ6_NEIMB,42068.96868927135
tr|Q9JXJ7|Q9JXJ7_NEIMB,59071.21900243054
tr|Q9JXJ8|Q9JXJ8_NEIMB,63083.85112027875
tr|Q9JXJ9|Q9JXJ9_NEIMB,24568.62816707439
tr|Q9JXK0|Q9JXK0_NEIMB,12373.85036480171
tr|Q9JXK8|Q9JXK8_NEIMB,28244.546692278418
tr|Q9JXK9|Q9JXK9_NEIMB,22280.352257215607
tr|Q9JXL0|Q9JXL0_NEIMB,35211.13432602248
tr|Q9JXL1|Q9JXL1_NEIMB,34489.1641592409
tr|Q9JXL2|Q9JXL2_NEIMB,34131.7474298069
tr|Q9JXL5|Q9JXL5_NEIMB,15692.037788204962
tr|Q9JXL9|Q9JXL9_NEIMB,15622.68766656735
sp|Q9JXM0|Y1979_NEIMB,36782.88843767331
tr|Q9JXM1|Q9JXM1_NEIMB,6032.16962561693
tr|Q9JXM3|Q9JXM3_NEIMB,54869.85459481545
tr|Q9JXM6|Q9JXM6_NEIMB,65462.38060953077
tr|Q9JXM8|Q9JXM8_NEIMB,52223.681637236004
tr|Q9JXM9|Q9JXM9_NEIMB,34007.25171591718
tr|Q9JXN0|Q9JXN0_NEIMB,29267.202868241642
tr|Q9JXN1|Q9JXN1_NEIMB,21070.224641915553
tr|Q9JXN2|Q9JXN2_NEIMB,10026.304667215129
tr|Q9JXN3|Q9JXN3_NEIMB,29494.863191249
tr|Q9JXN4|Q9JXN4_NEIMB,18127.5643089549
tr|Q9JXN5|Q9JXN5_NEIMB,14035.315958870799
tr|Q9JXN6|Q9JXN6_NEIMB,23040.766955977717
tr|Q9JXN7|Q9JXN7_NEIMB,61283.42968919075
tr|Q9JXN8|Q9JXN8_NEIMB,23149.873026143978
tr|Q9JXN9|Q9JXN9_NEIMB,14612.31738723749
tr|Q9JXP0|Q9JXP0_NEIMB,19724.30576074262
tr|Q9JXP1|Q9JXP1_NEIMB,67696.38247511242
tr|Q9JXP2|Q9JXP2_NEIMB,27032.3886391551
tr|Q9JXP3|Q9JXP3_NEIMB,24329.376294606438
tr|Q9JXP6|Q9JXP6_NEIMB,6272.4012057748905
tr|Q9JXP7|Q9JXP7_NEIMB,11310.1218266336
tr|Q9JXP8|Q9JXP8_NEIMB,12795.20207498208
tr|Q9JXQ4|Q9JXQ4_NEIMB,13470.013309396069
tr|Q9JXQ6|Q9JXQ6_NEIMB,40592.82414364212
tr|Q9JXQ7|Q9JXQ7_NEIMB,3825.1399311863497
tr|Q9JXQ9|Q9JXQ9_NEIMB,25475.84418540023
tr|Q9JXR0|Q9JXR0_NEIMB,14281.30874166194
tr|Q9JXR5|Q9JXR5_NEIMB,14831.05106890615
tr|Q9JXR7|Q9JXR7_NEIMB,14466.60652256427
tr|Q9JXR9|Q9JXR9_NEIMB,19908.215220528742
tr|Q9JXS1|Q9JXS1_NEIMB,18902.38124402277
tr|Q9JXS3|Q9JXS3_NEIMB,26537.82405523296
tr|Q9JXT0|Q9JXT0_NEIMB,16311.36440802991
tr|Q9JXT1|Q9JXT1_NEIMB,19232.85738176035
tr|Q9JXT3|Q9JXT3_NEIMB,31273.00523377497
tr|Q9JXT4|Q9JXT4_NEIMB,7308.72460309033
tr|Q9JXT5|Q9JXT5_NEIMB,11226.984114887411
tr|Q9JXT6|Q9JXT6_NEIMB,13896.370389509571
tr|Q9JXT7|Q9JXT7_NEIMB,3382.9023691762504
tr|Q9JXT9|Q9JXT9_NEIMB,18266.21213023697
tr|Q9JXU1|Q9JXU1_NEIMB,12051.8172050619
tr|Q9JXU2|Q9JXU2_NEIMB,10871.74891700294
tr|Q9JXU3|Q9JXU3_NEIMB,80429.59067476164
tr|Q9JXU4|Q9JXU4_NEIMB,11987.92767519194
tr|Q9JXU5|Q9JXU5_NEIMB,34188.87600582479
tr|Q9JXU6|Q9JXU6_NEIMB,11310.44122448945
tr|Q9JXU7|Q9JXU7_NEIMB,22290.53964303599
tr|Q9JXU8|Q9JXU8_NEIMB,74616.13068345915
tr|Q9JXV0|Q9JXV0_NEIMB,15536.217396891558
tr|Q9JXV1|Q9JXV1_NEIMB,26142.99665125597
tr|Q9JXV3|Q9JXV3_NEIMB,23747.18850775403
tr|Q9JXV9|Q9JXV9_NEIMB,8093.04703196829
tr|Q9JXW5|Q9JXW5_NEIMB,15313.18616902905
tr|Q9JXW6|Q9JXW6_NEIMB,21715.86865581557
tr|Q9JXW9|Q9JXW9_NEIMB,25115.74734810263
tr|Q9JXX0|Q9JXX0_NEIMB,10086.209384737691
tr|Q9JXX1|Q9JXX1_NEIMB,14999.621723367802
tr|Q9JXX2|Q9JXX2_NEIMB,9540.8292324952
tr|Q9JXX3|Q9JXX3_NEIMB,10164.47630470319
tr|Q9JXX5|Q9JXX5_NEIMB,11340.41397177135
tr|Q9JXX7|Q9JXX7_NEIMB,18296.74466284547
tr|Q9JXX8|Q9JXX8_NEIMB,4911.43477796897
tr|Q9JXY1|Q9JXY1_NEIMB,15394.322343193782
tr|Q9JXY3|Q9JXY3_NEIMB,9545.84201194169
tr|Q9JXY9|Q9JXY9_NEIMB,23325.67067589378
tr|Q9JXZ0|Q9JXZ0_NEIMB,77020.56185338701
tr|Q9JXZ1|Q9JXZ1_NEIMB,34995.51158906314
tr|Q9JXZ3|Q9JXZ3_NEIMB,13444.701627853901
tr|Q9JXZ4|Q9JXZ4_NEIMB,7564.571015708249
tr|Q9JXZ5|Q9JXZ5_NEIMB,30198.20621147335
tr|Q9JXZ6|Q9JXZ6_NEIMB,5086.683517587239
tr|Q9JXZ7|Q9JXZ7_NEIMB,50714.61974376315
tr|Q9JY00|Q9JY00_NEIMB,31438.64058411667
tr|Q9JY02|Q9JY02_NEIMB,41341.2382613412
tr|Q9JY04|Q9JY04_NEIMB,76026.38669567482
tr|Q9JY05|Q9JY05_NEIMB,44428.33143817729
tr|Q9JY07|Q9JY07_NEIMB,33470.73580178857
tr|Q9JY08|Q9JY08_NEIMB,7699.81728973364
tr|Q9JY10|Q9JY10_NEIMB,50488.93312855958
tr|Q9JY11|Q9JY11_NEIMB,20917.70530429155
tr|Q9JY12|Q9JY12_NEIMB,6013.841225844149
tr|Q9JY14|Q9JY14_NEIMB,57868.04395524902
tr|Q9JY19|Q9JY19_NEIMB,44470.68727771848
tr|Q9JY20|Q9JY20_NEIMB,9791.90958895263
tr|Q9JY21|Q9JY21_NEIMB,12041.955129084281
tr|Q9JY22|Q9JY22_NEIMB,65655.33809090218
tr|Q9JY23|Q9JY23_NEIMB,207087.0451758859
tr|Q9JY24|Q9JY24_NEIMB,4284.5655026099
tr|Q9JY25|Q9JY25_NEIMB,9483.63049195187
tr|Q9JY26|Q9JY26_NEIMB,3590.8476758613697
tr|Q9JY27|Q9JY27_NEIMB,62984.250159373914
tr|Q9JY28|Q9JY28_NEIMB,65408.71691684467
tr|Q9JY29|Q9JY29_NEIMB,16603.75380492675
tr|Q9JY31|Q9JY31_NEIMB,16936.83246172176
tr|Q9JY32|Q9JY32_NEIMB,37734.69813482756
tr|Q9JY33|Q9JY33_NEIMB,11337.67378405348
tr|Q9JY34|Q9JY34_NEIMB,11840.726004905391
tr|Q9JY36|Q9JY36_NEIMB,67032.80190238575
tr|Q9JY37|Q9JY37_NEIMB,48079.94040664211
tr|Q9JY38|Q9JY38_NEIMB,19459.54839869698
tr|Q9JY39|Q9JY39_NEIMB,52250.7290261758
tr|Q9JY40|Q9JY40_NEIMB,8107.425885496628
tr|Q9JY41|Q9JY41_NEIMB,9394.28443001454
tr|Q9JY42|Q9JY42_NEIMB,7417.761323107579
tr|Q9JY43|Q9JY43_NEIMB,13176.142240793612
tr|Q9JY44|Q9JY44_NEIMB,3751.08655820081
tr|Q9JY45|Q9JY45_NEIMB,16719.32748331203
tr|Q9JY46|Q9JY46_NEIMB,36578.43566287679
tr|Q9JY47|Q9JY47_NEIMB,40952.82547902728
tr|Q9JY48|Q9JY48_NEIMB,10457.77721876592
tr|Q9JY49|Q9JY49_NEIMB,55771.45649658293
tr|Q9JY50|Q9JY50_NEIMB,11425.3108553728
tr|Q9JY51|Q9JY51_NEIMB,15583.231347593271
tr|Q9JY52|Q9JY52_NEIMB,13744.22135357469
tr|Q9JY53|Q9JY53_NEIMB,52618.316283028194
tr|Q9JY55|Q9JY55_NEIMB,19840.20284875598
tr|Q9JY57|Q9JY57_NEIMB,16218.307529731701
tr|Q9JY58|Q9JY58_NEIMB,65783.13976589686
tr|Q9JY59|Q9JY59_NEIMB,22514.75950812615
tr|Q9JY61|Q9JY61_NEIMB,52328.25369742197
tr|Q9JY63|Q9JY63_NEIMB,56204.189530467665
tr|Q9JY64|Q9JY64_NEIMB,10275.92716161271
tr|Q9JY65|Q9JY65_NEIMB,24358.46376071246
tr|Q9JY68|Q9JY68_NEIMB,50446.23611995232
tr|Q9JY70|Q9JY70_NEIMB,29443.916059936128
tr|Q9JY73|Q9JY73_NEIMB,48344.83786875267
tr|Q9JY74|Q9JY74_NEIMB,6526.695688414149
tr|Q9JY75|Q9JY75_NEIMB,39961.981711599896
tr|Q9JY76|Q9JY76_NEIMB,29464.86899529162
tr|Q9JY77|Q9JY77_NEIMB,44496.967711014826
tr|Q9JY78|Q9JY78_NEIMB,26042.46002143681
tr|Q9JY79|Q9JY79_NEIMB,17825.03476012196
tr|Q9JY80|Q9JY80_NEIMB,13392.87471153606
tr|Q9JY81|Q9JY81_NEIMB,13186.44865027048
tr|Q9JY82|Q9JY82_NEIMB,28459.09740698368
tr|Q9JY83|Q9JY83_NEIMB,9322.75248953242
tr|Q9JY84|Q9JY84_NEIMB,9499.95773127139
tr|Q9JY85|Q9JY85_NEIMB,35965.68480525319
tr|Q9JY87|Q9JY87_NEIMB,77561.54230672705
tr|Q9JY88|Q9JY88_NEIMB,32122.69780091758
tr|Q9JY90|Q9JY90_NEIMB,25595.83572388258
tr|Q9JY92|Q9JY92_NEIMB,28414.00762671887
tr|Q9JY94|Q9JY94_NEIMB,36621.42729112303
tr|Q9JY98|Q9JY98_NEIMB,15490.036148412179
tr|Q9JYA2|Q9JYA2_NEIMB,28737.373393227033
tr|Q9JYA3|Q9JYA3_NEIMB,11066.73138464629
tr|Q9JYA4|Q9JYA4_NEIMB,21293.60747269815
tr|Q9JYA5|Q9JYA5_NEIMB,18800.39625516003
tr|Q9JYA6|Q9JYA6_NEIMB,55890.98186584854
tr|Q9JYA7|Q9JYA7_NEIMB,23418.713692684032
tr|Q9JYA9|Q9JYA9_NEIMB,7229.64573327506
tr|Q9JYB0|Q9JYB0_NEIMB,9088.748154043162
tr|Q9JYB1|Q9JYB1_NEIMB,14686.723860815631
tr|Q9JYB2|Q9JYB2_NEIMB,50800.52299198631
tr|Q9JYB3|Q9JYB3_NEIMB,28243.090911107687
tr|Q9JYB8|Q9JYB8_NEIMB,22278.92590768259
tr|Q9JYB9|Q9JYB9_NEIMB,21789.95406975687
tr|Q9JYC1|Q9JYC1_NEIMB,27920.0494336377
sp|Q9JYC2|Y1653_NEIMB,10355.3642753765
sp|Q9JYC3|Y1652_NEIMB,46398.93673563807
tr|Q9JYC5|Q9JYC5_NEIMB,17820.46998924427
sp|Q9JYC7|Y1648_NEIMB,26015.873915518627
tr|Q9JYC8|Q9JYC8_NEIMB,50432.76048927374
tr|Q9JYC9|Q9JYC9_NEIMB,22614.10897406426
sp|Q9JYD0|Y1645_NEIMB,50189.54184594475
tr|Q9JYD1|Q9JYD1_NEIMB,50019.527253005464
tr|Q9JYD4|Q9JYD4_NEIMB,11932.99455430579
tr|Q9JYD5|Q9JYD5_NEIMB,8397.98758762614
tr|Q9JYD6|Q9JYD6_NEIMB,46738.397573920185
tr|Q9JYD7|Q9JYD7_NEIMB,11277.93431116068
tr|Q9JYD8|Q9JYD8_NEIMB,14269.305849429102
tr|Q9JYD9|Q9JYD9_NEIMB,57325.33739100825
tr|Q9JYE0|Q9JYE0_NEIMB,27876.882811291835
tr|Q9JYE3|Q9JYE3_NEIMB,42413.69189245008
tr|Q9JYE4|Q9JYE4_NEIMB,15180.77665051153
tr|Q9JYE6|Q9JYE6_NEIMB,31690.490789382267
tr|Q9JYE8|Q9JYE8_NEIMB,9986.29079550465
tr|Q9JYF0|Q9JYF0_NEIMB,28998.45256557776
tr|Q9JYF1|Q9JYF1_NEIMB,9539.73987624339
tr|Q9JYF2|Q9JYF2_NEIMB,29079.71092244673
tr|Q9JYF8|Q9JYF8_NEIMB,32821.44809966032
tr|Q9JYF9|Q9JYF9_NEIMB,41460.79390681547
tr|Q9JYG0|Q9JYG0_NEIMB,38492.07696580828
tr|Q9JYG1|Q9JYG1_NEIMB,9526.84141988834
tr|Q9JYG2|Q9JYG2_NEIMB,11068.10612669595
tr|Q9JYG3|Q9JYG3_NEIMB,7753.00511590629
tr|Q9JYG4|Q9JYG4_NEIMB,16601.97473921617
tr|Q9JYG5|Q9JYG5_NEIMB,7913.15484056853
tr|Q9JYG8|Q9JYG8_NEIMB,31193.60624614749
tr|Q9JYG9|Q9JYG9_NEIMB,18343.56955421142
tr|Q9JYH0|Q9JYH0_NEIMB,11526.00445187732
tr|Q9JYH1|Q9JYH1_NEIMB,9388.93865329164
tr|Q9JYH3|Q9JYH3_NEIMB,41388.66814359511
tr|Q9JYH4|Q9JYH4_NEIMB,32774.53640364085
tr|Q9JYH5|Q9JYH5_NEIMB,16151.29835546023
tr|Q9JYH6|Q9JYH6_NEIMB,30358.673255535592
tr|Q9JYI1|Q9JYI1_NEIMB,10843.501096477019
tr|Q9JYI5|Q9JYI5_NEIMB,39284.11531986531
tr|Q9JYI6|Q9JYI6_NEIMB,41742.50154164328
tr|Q9JYI7|Q9JYI7_NEIMB,16407.23009938507
tr|Q9JYJ0|Q9JYJ0_NEIMB,15032.567490270849
tr|Q9JYJ1|Q9JYJ1_NEIMB,31777.13748821684
tr|Q9JYJ2|Q9JYJ2_NEIMB,28046.53507532344
tr|Q9JYJ5|Q9JYJ5_NEIMB,16965.68508220765
tr|Q9JYJ9|Q9JYJ9_NEIMB,5535.93228758441
tr|Q9JYK0|Q9JYK0_NEIMB,60672.06185539218
tr|Q9JYK1|Q9JYK1_NEIMB,11209.895993992322
tr|Q9JYK2|Q9JYK2_NEIMB,47084.56349543129
tr|Q9JYK3|Q9JYK3_NEIMB,8425.017113932608
tr|Q9JYK6|Q9JYK6_NEIMB,38482.85850164359
tr|Q9JYK9|Q9JYK9_NEIMB,18918.740555565648
tr|Q9JYL0|Q9JYL0_NEIMB,4998.64319051208
tr|Q9JYL1|Q9JYL1_NEIMB,19323.55772423618
tr|Q9JYL3|Q9JYL3_NEIMB,31200.8214032634
tr|Q9JYL5|Q9JYL5_NEIMB,37514.16285070771
tr|Q9JYL6|Q9JYL6_NEIMB,50218.11503682623
tr|Q9JYL7|Q9JYL7_NEIMB,8952.41251325272
tr|Q9JYL8|Q9JYL8_NEIMB,30593.801689204818
tr|Q9JYL9|Q9JYL9_NEIMB,19049.302794122
tr|Q9JYM2|Q9JYM2_NEIMB,47418.509848157606
tr|Q9JYM7|Q9JYM7_NEIMB,54479.24723644742
tr|Q9JYN0|Q9JYN0_NEIMB,31805.871602229134
tr|Q9JYN1|Q9JYN1_NEIMB,8083.12711189267
tr|Q9JYN2|Q9JYN2_NEIMB,20754.96545924648
tr|Q9JYN3|Q9JYN3_NEIMB,27835.08574672529
tr|Q9JYN4|Q9JYN4_NEIMB,16513.41381330197
tr|Q9JYN8|Q9JYN8_NEIMB,7600.853724454129
tr|Q9JYN9|Q9JYN9_NEIMB,74469.60261457194
tr|Q9JYP0|Q9JYP0_NEIMB,2388.10879873667
tr|Q9JYP1|Q9JYP1_NEIMB,3149.44832591112
tr|Q9JYP2|Q9JYP2_NEIMB,15239.840253827599
tr|Q9JYP3|Q9JYP3_NEIMB,18617.336755780078
tr|Q9JYP4|Q9JYP4_NEIMB,51138.2950408852
tr|Q9JYP5|Q9JYP5_NEIMB,29159.63069472068
tr|Q9JYP6|Q9JYP6_NEIMB,5445.587877547269
tr|Q9JYP7|Q9JYP7_NEIMB,57305.83261063571
tr|Q9JYP9|Q9JYP9_NEIMB,42848.94600259019
tr|Q9JYQ0|Q9JYQ0_NEIMB,17867.90735157151
tr|Q9JYQ1|Q9JYQ1_NEIMB,5120.62759782398
tr|Q9JYQ2|Q9JYQ2_NEIMB,6168.17327152873
tr|Q9JYQ4|Q9JYQ4_NEIMB,7044.6994876319295
tr|Q9JYQ6|Q9JYQ6_NEIMB,30178.160432092074
tr|Q9JYQ7|Q9JYQ7_NEIMB,45445.40165494694
tr|Q9JYR0|Q9JYR0_NEIMB,19408.80060771171
tr|Q9JYR1|Q9JYR1_NEIMB,3181.72162793296
tr|Q9JYR2|Q9JYR2_NEIMB,10848.377473848788
tr|Q9JYR4|Q9JYR4_NEIMB,28210.135661416323
tr|Q9JYR5|Q9JYR5_NEIMB,19761.93103654264
tr|Q9JYR6|Q9JYR6_NEIMB,23473.35975804473
tr|Q9JYR7|Q9JYR7_NEIMB,48790.28830889176
tr|Q9JYR8|Q9JYR8_NEIMB,32905.68305094656
tr|Q9JYS1|Q9JYS1_NEIMB,7311.004517871551
tr|Q9JYS2|Q9JYS2_NEIMB,4806.60205178248
tr|Q9JYS3|Q9JYS3_NEIMB,55559.62110854491
tr|Q9JYS4|Q9JYS4_NEIMB,18210.24074502665
tr|Q9JYS5|Q9JYS5_NEIMB,40572.01076265406
tr|Q9JYT3|Q9JYT3_NEIMB,24262.91528699006
tr|Q9JYT4|Q9JYT4_NEIMB,25903.368638039497
tr|Q9JYT6|Q9JYT6_NEIMB,53888.63467327041
sp|Q9JYT7|Y1437_NEIMB,25881.064727960438
tr|Q9JYT8|Q9JYT8_NEIMB,28234.665029139767
tr|Q9JYT9|Q9JYT9_NEIMB,50466.39627759647
tr|Q9JYU0|Q9JYU0_NEIMB,57315.15548815286
tr|Q9JYU2|Q9JYU2_NEIMB,9893.582186331001
tr|Q9JYU4|Q9JYU4_NEIMB,64811.108133609014
tr|Q9JYU5|Q9JYU5_NEIMB,6839.675681245561
tr|Q9JYU7|Q9JYU7_NEIMB,37298.84777088476
tr|Q9JYU8|Q9JYU8_NEIMB,42384.179787153065
tr|Q9JYV2|Q9JYV2_NEIMB,33821.90891466148
tr|Q9JYV3|Q9JYV3_NEIMB,30524.82144238798
tr|Q9JYV6|Q9JYV6_NEIMB,29921.54363986951
tr|Q9JYV7|Q9JYV7_NEIMB,31307.33280618648
tr|Q9JYV8|Q9JYV8_NEIMB,24817.24230511432
tr|Q9JYV9|Q9JYV9_NEIMB,20610.79908349884
tr|Q9JYW0|Q9JYW0_NEIMB,16037.354539493772
tr|Q9JYW1|Q9JYW1_NEIMB,19800.7848098459
tr|Q9JYW2|Q9JYW2_NEIMB,14522.00873979974
tr|Q9JYW3|Q9JYW3_NEIMB,43140.359741027794
tr|Q9JYW4|Q9JYW4_NEIMB,28638.392671198468
tr|Q9JYW5|Q9JYW5_NEIMB,6776.26929483365
tr|Q9JYW6|Q9JYW6_NEIMB,17042.91650702138
tr|Q9JYW8|Q9JYW8_NEIMB,37270.59752118855
tr|Q9JYX0|Q9JYX0_NEIMB,37301.92910894187
tr|Q9JYX4|Q9JYX4_NEIMB,20964.85595082846
tr|Q9JYX7|Q9JYX7_NEIMB,8564.72206734296
tr|Q9JYY5|Q9JYY5_NEIMB,20936.866396372858
tr|Q9JYY6|Q9JYY6_NEIMB,20184.38687260654
tr|Q9JYZ0|Q9JYZ0_NEIMB,18010.81232898786
tr|Q9JYZ3|Q9JYZ3_NEIMB,54397.46950830489
tr|Q9JYZ6|Q9JYZ6_NEIMB,36529.45971125651
tr|Q9JYZ8|Q9JYZ8_NEIMB,36212.5778507937
tr|Q9JZ01|Q9JZ01_NEIMB,22045.39648887521
tr|Q9JZ02|Q9JZ02_NEIMB,49175.95490962159
tr|Q9JZ04|Q9JZ04_NEIMB,13116.8218920607
tr|Q9JZ05|Q9JZ05_NEIMB,32032.408691293764
tr|Q9JZ06|Q9JZ06_NEIMB,29999.161520723635
tr|Q9JZ08|Q9JZ08_NEIMB,57107.297253528304
tr|Q9JZ10|Q9JZ10_NEIMB,16328.99767779321
tr|Q9JZ13|Q9JZ13_NEIMB,9193.75149553661
tr|Q9JZ15|Q9JZ15_NEIMB,23043.900205252798
sp|Q9JZ17|Y1336_NEIMB,19881.79302242708
tr|Q9JZ18|Q9JZ18_NEIMB,19976.071288351817
tr|Q9JZ19|Q9JZ19_NEIMB,8782.69837193162
tr|Q9JZ22|Q9JZ22_NEIMB,14314.41765916543
tr|Q9JZ23|Q9JZ23_NEIMB,7385.441705432981
sp|Q9JZ25|Y1327_NEIMB,52563.09229480729
tr|Q9JZ32|Q9JZ32_NEIMB,26732.290721006182
tr|Q9JZ33|Q9JZ33_NEIMB,14826.89596055987
tr|Q9JZ34|Q9JZ34_NEIMB,16653.688866524968
tr|Q9JZ35|Q9JZ35_NEIMB,41814.5009141398
tr|Q9JZ39|Q9JZ39_NEIMB,9246.817835441301
tr|Q9JZ41|Q9JZ41_NEIMB,28406.49815309916
tr|Q9JZ45|Q9JZ45_NEIMB,72008.56678832667
tr|Q9JZ46|Q9JZ46_NEIMB,24746.36220511546
tr|Q9JZ48|Q9JZ48_NEIMB,12377.459266348831
tr|Q9JZ49|Q9JZ49_NEIMB,7261.02844120361
tr|Q9JZ51|Q9JZ51_NEIMB,45170.024361620715
tr|Q9JZ54|Q9JZ54_NEIMB,15915.562096757309
tr|Q9JZ58|Q9JZ58_NEIMB,53595.74188498601
tr|Q9JZ59|Q9JZ59_NEIMB,40396.514890482445
tr|Q9JZ60|Q9JZ60_NEIMB,74804.64056026077
tr|Q9JZ61|Q9JZ61_NEIMB,76233.59435968153
tr|Q9JZ63|Q9JZ63_NEIMB,36440.59367459086
tr|Q9JZ65|Q9JZ65_NEIMB,5495.84046793333
tr|Q9JZ66|Q9JZ66_NEIMB,7070.51242111963
tr|Q9JZ67|Q9JZ67_NEIMB,61356.09808388017
tr|Q9JZ68|Q9JZ68_NEIMB,40274.48735540526
tr|Q9JZ69|Q9JZ69_NEIMB,16920.564140530798
tr|Q9JZ71|Q9JZ71_NEIMB,10615.73332825798
tr|Q9JZ72|Q9JZ72_NEIMB,10387.32391413466
tr|Q9JZ73|Q9JZ73_NEIMB,33719.4009719085
tr|Q9JZ75|Q9JZ75_NEIMB,111430.20997689941
tr|Q9JZ79|Q9JZ79_NEIMB,24269.13784157765
tr|Q9JZ82|Q9JZ82_NEIMB,25773.177758163758
tr|Q9JZ83|Q9JZ83_NEIMB,32339.391247986234
tr|Q9JZ84|Q9JZ84_NEIMB,12238.5187956636
tr|Q9JZ87|Q9JZ87_NEIMB,11776.88949877807
tr|Q9JZ89|Q9JZ89_NEIMB,60740.54873887139
tr|Q9JZ90|Q9JZ90_NEIMB,13972.165367371686
tr|Q9JZ91|Q9JZ91_NEIMB,56556.32107245543
tr|Q9JZ94|Q9JZ94_NEIMB,33417.74172785884
tr|Q9JZ96|Q9JZ96_NEIMB,16318.58454615406
tr|Q9JZ97|Q9JZ97_NEIMB,14701.36930586466
tr|Q9JZ98|Q9JZ98_NEIMB,71871.19748985242
tr|Q9JZ99|Q9JZ99_NEIMB,18653.780739104
tr|Q9JZA0|Q9JZA0_NEIMB,15039.57047200816
tr|Q9JZA2|Q9JZA2_NEIMB,14558.75225819783
tr|Q9JZA3|Q9JZA3_NEIMB,38818.248347179324
tr|Q9JZA6|Q9JZA6_NEIMB,6140.155706888289
tr|Q9JZA7|Q9JZA7_NEIMB,13697.679804377192
tr|Q9JZA8|Q9JZA8_NEIMB,12658.14211879896
tr|Q9JZA9|Q9JZA9_NEIMB,9155.50702949971
tr|Q9JZB1|Q9JZB1_NEIMB,7005.515687998341
tr|Q9JZB2|Q9JZB2_NEIMB,7805.3984889803305
tr|Q9JZB3|Q9JZB3_NEIMB,5331.67897360957
tr|Q9JZB8|Q9JZB8_NEIMB,6787.312420405319
tr|Q9JZB9|Q9JZB9_NEIMB,8452.38105836892
tr|Q9JZC0|Q9JZC0_NEIMB,11425.06772521671
tr|Q9JZC1|Q9JZC1_NEIMB,21796.38608265105
tr|Q9JZC2|Q9JZC2_NEIMB,11179.9454357693
tr|Q9JZC3|Q9JZC3_NEIMB,5653.1631156575795
tr|Q9JZC4|Q9JZC4_NEIMB,19237.03466878563
tr|Q9JZC5|Q9JZC5_NEIMB,72039.04073491486
tr|Q9JZC6|Q9JZC6_NEIMB,20459.58363039557
tr|Q9JZC7|Q9JZC7_NEIMB,13001.786893021072
tr|Q9JZC8|Q9JZC8_NEIMB,42036.536863250396
tr|Q9JZC9|Q9JZC9_NEIMB,47737.584731748255
tr|Q9JZD0|Q9JZD0_NEIMB,75497.20872398742
tr|Q9JZD1|Q9JZD1_NEIMB,21646.219187870633
tr|Q9JZD2|Q9JZD2_NEIMB,13211.76695593537
tr|Q9JZD3|Q9JZD3_NEIMB,14104.941478941539
tr|Q9JZD4|Q9JZD4_NEIMB,49238.62088708177
tr|Q9JZD5|Q9JZD5_NEIMB,7237.583703456659
tr|Q9JZD6|Q9JZD6_NEIMB,21752.93914124326
tr|Q9JZD7|Q9JZD7_NEIMB,15589.996711238622
tr|Q9JZD8|Q9JZD8_NEIMB,17575.17213751498
tr|Q9JZD9|Q9JZD9_NEIMB,37953.01464471173
tr|Q9JZE0|Q9JZE0_NEIMB,38005.60494207598
tr|Q9JZE1|Q9JZE1_NEIMB,49291.844402387185
tr|Q9JZE2|Q9JZE2_NEIMB,58039.44089835894
tr|Q9JZE3|Q9JZE3_NEIMB,58597.02308138819
tr|Q9JZE4|Q9JZE4_NEIMB,21579.45140037464
tr|Q9JZE5|Q9JZE5_NEIMB,7123.7988457048405
tr|Q9JZE6|Q9JZE6_NEIMB,10118.26977855109
tr|Q9JZE7|Q9JZE7_NEIMB,10632.500860392029
tr|Q9JZE8|Q9JZE8_NEIMB,8497.32425234721
tr|Q9JZF0|Q9JZF0_NEIMB,19868.63494156255
tr|Q9JZF1|Q9JZF1_NEIMB,43063.41472105596
tr|Q9JZF2|Q9JZF2_NEIMB,7190.76558851395
tr|Q9JZF3|Q9JZF3_NEIMB,73880.85172264803
tr|Q9JZF5|Q9JZF5_NEIMB,25410.85221601306
tr|Q9JZF6|Q9JZF6_NEIMB,25310.7214379285
tr|Q9JZF8|Q9JZF8_NEIMB,42005.59517800653
tr|Q9JZG0|Q9JZG0_NEIMB,24938.903054110633
tr|Q9JZG5|Q9JZG5_NEIMB,24532.217883920588
tr|Q9JZG7|Q9JZG7_NEIMB,19726.96396974897
tr|Q9JZH3|Q9JZH3_NEIMB,7822.137804035299
tr|Q9JZH5|Q9JZH5_NEIMB,52554.68359850875
tr|Q9JZH6|Q9JZH6_NEIMB,12928.41401990606
tr|Q9JZH7|Q9JZH7_NEIMB,51585.96722863392
tr|Q9JZH8|Q9JZH8_NEIMB,29067.58656214636
tr|Q9JZH9|Q9JZH9_NEIMB,8148.137684895999
tr|Q9JZI1|Q9JZI1_NEIMB,47881.07195298465
tr|Q9JZI4|Q9JZI4_NEIMB,49657.10373049796
tr|Q9JZI8|Q9JZI8_NEIMB,28792.929985690218
tr|Q9JZJ0|Q9JZJ0_NEIMB,20518.326197594877
tr|Q9JZJ2|Q9JZJ2_NEIMB,31002.213063856805
tr|Q9JZJ3|Q9JZJ3_NEIMB,17658.34935432401
tr|Q9JZJ4|Q9JZJ4_NEIMB,13138.51536482104
tr|Q9JZJ5|Q9JZJ5_NEIMB,31131.08587084195
tr|Q9JZJ7|Q9JZJ7_NEIMB,37978.993909267156
tr|Q9JZJ8|Q9JZJ8_NEIMB,20903.325147517207
tr|Q9JZK0|Q9JZK0_NEIMB,18134.43464928137
tr|Q9JZK1|Q9JZK1_NEIMB,38432.42240524033
tr|Q9JZK2|Q9JZK2_NEIMB,22968.634196493367
tr|Q9JZK3|Q9JZK3_NEIMB,22593.21443575557
tr|Q9JZK4|Q9JZK4_NEIMB,6294.296214792749
tr|Q9JZK5|Q9JZK5_NEIMB,35057.334934156956
tr|Q9JZK6|Q9JZK6_NEIMB,20019.15824834957
tr|Q9JZK7|Q9JZK7_NEIMB,7343.75737481568
tr|Q9JZK8|Q9JZK8_NEIMB,23874.77299030103
tr|Q9JZK9|Q9JZK9_NEIMB,13908.05074862561
tr|Q9JZL0|Q9JZL0_NEIMB,7053.8926164371405
tr|Q9JZL1|Q9JZL1_NEIMB,8487.38885872279
tr|Q9JZL2|Q9JZL2_NEIMB,9240.8709440012
tr|Q9JZL3|Q9JZL3_NEIMB,11035.987694504101
tr|Q9JZL4|Q9JZL4_NEIMB,32497.421955916525
tr|Q9JZL6|Q9JZL6_NEIMB,141939.4200090281
tr|Q9JZL8|Q9JZL8_NEIMB,24154.34808985046
tr|Q9JZL9|Q9JZL9_NEIMB,38901.9881889137
tr|Q9JZM0|Q9JZM0_NEIMB,42403.86862583182
tr|Q9JZM1|Q9JZM1_NEIMB,14879.977498785762
tr|Q9JZM2|Q9JZM2_NEIMB,6193.0499810600595
tr|Q9JZM3|Q9JZM3_NEIMB,7291.21691067963
tr|Q9JZM5|Q9JZM5_NEIMB,15947.486695439069
tr|Q9JZM6|Q9JZM6_NEIMB,18418.69011232333
tr|Q9JZM8|Q9JZM8_NEIMB,40050.416853866685
tr|Q9JZN1|Q9JZN1_NEIMB,13562.826219974399
tr|Q9JZN3|Q9JZN3_NEIMB,18020.874090148758
tr|Q9JZN4|Q9JZN4_NEIMB,12435.10006870793
tr|Q9JZN5|Q9JZN5_NEIMB,6820.67707822789
tr|Q9JZN6|Q9JZN6_NEIMB,3572.92513833643
tr|Q9JZN7|Q9JZN7_NEIMB,21930.96872348696
tr|Q9JZN8|Q9JZN8_NEIMB,10404.26828827651
tr|Q9JZP2|Q9JZP2_NEIMB,62677.14012996773
tr|Q9JZP7|Q9JZP7_NEIMB,3212.78314015739
tr|Q9JZQ0|Q9JZQ0_NEIMB,50729.23050955771
tr|Q9JZQ1|Q9JZQ1_NEIMB,6147.17025183696
tr|Q9JZQ6|Q9JZQ6_NEIMB,21830.081008330948
tr|Q9JZQ7|Q9JZQ7_NEIMB,31170.63506158303
tr|Q9JZQ9|Q9JZQ9_NEIMB,48780.211906013144
tr|Q9JZR2|Q9JZR2_NEIMB,16497.2945147286
sp|Q9JZR5|Y928_NEIMB,43787.859230138136
tr|Q9JZR7|Q9JZR7_NEIMB,16321.31577775201
tr|Q9JZR8|Q9JZR8_NEIMB,30100.155672900528
tr|Q9JZR9|Q9JZR9_NEIMB,16181.007003332412
tr|Q9JZS0|Q9JZS0_NEIMB,7735.06651102967
tr|Q9JZS2|Q9JZS2_NEIMB,36920.02003414877
tr|Q9JZS3|Q9JZS3_NEIMB,4749.75044735167
tr|Q9JZS4|Q9JZS4_NEIMB,13378.95413705512
tr|Q9JZS5|Q9JZS5_NEIMB,5327.97118804241
tr|Q9JZS6|Q9JZS6_NEIMB,18799.81313179626
tr|Q9JZS7|Q9JZS7_NEIMB,8792.601036316999
tr|Q9JZS8|Q9JZS8_NEIMB,12346.323828935081
tr|Q9JZS9|Q9JZS9_NEIMB,23202.732456020913
tr|Q9JZT0|Q9JZT0_NEIMB,38036.091983515646
tr|Q9JZT1|Q9JZT1_NEIMB,26547.3108588931
tr|Q9JZT2|Q9JZT2_NEIMB,20471.618531911092
tr|Q9JZT3|Q9JZT3_NEIMB,7131.83625967604
tr|Q9JZT4|Q9JZT4_NEIMB,12960.82710315054
tr|Q9JZT5|Q9JZT5_NEIMB,32471.999489302
tr|Q9JZT6|Q9JZT6_NEIMB,7955.95877251232
tr|Q9JZT7|Q9JZT7_NEIMB,9505.88649799077
tr|Q9JZT8|Q9JZT8_NEIMB,10963.62757702678
tr|Q9JZT9|Q9JZT9_NEIMB,7000.350339119009
tr|Q9JZU0|Q9JZU0_NEIMB,10833.68297321468
tr|Q9JZU1|Q9JZU1_NEIMB,33443.74328646678
tr|Q9JZU2|Q9JZU2_NEIMB,13479.024029135282
tr|Q9JZU3|Q9JZU3_NEIMB,6857.50837530362
tr|Q9JZU4|Q9JZU4_NEIMB,14408.520148493848
sp|Q9JZU5|Y895_NEIMB,29677.12625098826
tr|Q9JZU6|Q9JZU6_NEIMB,43984.68747804262
tr|Q9JZU8|Q9JZU8_NEIMB,15261.073882746252
tr|Q9JZU9|Q9JZU9_NEIMB,9108.51531765736
tr|Q9JZV0|Q9JZV0_NEIMB,18101.287001265122
tr|Q9JZV1|Q9JZV1_NEIMB,21685.991939414147
tr|Q9JZV2|Q9JZV2_NEIMB,34338.406131448326
tr|Q9JZV3|Q9JZV3_NEIMB,22107.967911687887
tr|Q9JZV7|Q9JZV7_NEIMB,12181.34496421084
tr|Q9JZV9|Q9JZV9_NEIMB,31057.08329918964
tr|Q9JZW5|Q9JZW5_NEIMB,68619.13165127403
tr|Q9JZW7|Q9JZW7_NEIMB,22615.72318218708
tr|Q9JZW8|Q9JZW8_NEIMB,35182.46259940212
tr|Q9JZW9|Q9JZW9_NEIMB,31724.29794344252
tr|Q9JZX0|Q9JZX0_NEIMB,16194.194282720338
tr|Q9JZX1|Q9JZX1_NEIMB,11054.90501511317
tr|Q9JZX2|Q9JZX2_NEIMB,4405.35034547199
tr|Q9JZX3|Q9JZX3_NEIMB,9770.841053562099
tr|Q9JZX4|Q9JZX4_NEIMB,14903.64253342712
tr|Q9JZX5|Q9JZX5_NEIMB,7789.7326507865
tr|Q9JZX6|Q9JZX6_NEIMB,6849.452768278339
tr|Q9JZX7|Q9JZX7_NEIMB,18562.20903404757
tr|Q9JZX8|Q9JZX8_NEIMB,24849.014884085642
tr|Q9JZY3|Q9JZY3_NEIMB,15188.61238966433
tr|Q9JZY4|Q9JZY4_NEIMB,25557.084794543316
tr|Q9JZY5|Q9JZY5_NEIMB,6526.24351051355
tr|Q9JZY6|Q9JZY6_NEIMB,38944.247615725995
tr|Q9JZY7|Q9JZY7_NEIMB,35402.3795294208
tr|Q9JZY8|Q9JZY8_NEIMB,11845.8312324166
tr|Q9JZZ1|Q9JZZ1_NEIMB,26119.51118594094
sp|Q9JZZ2|Y840_NEIMB,19088.81950976483
tr|Q9JZZ3|Q9JZZ3_NEIMB,47799.61080931172
tr|Q9JZZ4|Q9JZZ4_NEIMB,7190.56989131583
tr|Q9JZZ8|Q9JZZ8_NEIMB,38011.03135740503
tr|Q9K000|Q9K000_NEIMB,44628.59150449958
tr|Q9K004|Q9K004_NEIMB,34975.947537553104
tr|Q9K007|Q9K007_NEIMB,20838.68637011
tr|Q9K008|Q9K008_NEIMB,14521.47038272158
tr|Q9K009|Q9K009_NEIMB,14201.18424780962
tr|Q9K010|Q9K010_NEIMB,14171.30396901948
tr|Q9K011|Q9K011_NEIMB,12113.113389401831
tr|Q9K014|Q9K014_NEIMB,7228.87933444177
tr|Q9K017|Q9K017_NEIMB,24816.83486439288
tr|Q9K018|Q9K018_NEIMB,29343.14619843184
tr|Q9K019|Q9K019_NEIMB,19965.523525666707
tr|Q9K021|Q9K021_NEIMB,37981.03202611137
tr|Q9K022|Q9K022_NEIMB,24687.44744413559
tr|Q9K026|Q9K026_NEIMB,10498.63861462453
tr|Q9K028|Q9K028_NEIMB,16917.65986175561
tr|Q9K030|Q9K030_NEIMB,13335.96610778485
tr|Q9K031|Q9K031_NEIMB,8592.67353488916
tr|Q9K032|Q9K032_NEIMB,50614.46122067419
tr|Q9K033|Q9K033_NEIMB,27981.67552993963
tr|Q9K034|Q9K034_NEIMB,24133.248044766715
tr|Q9K035|Q9K035_NEIMB,28805.92101303707
tr|Q9K036|Q9K036_NEIMB,32766.45273406362
tr|Q9K038|Q9K038_NEIMB,12939.71104274221
tr|Q9K039|Q9K039_NEIMB,17011.91098652599
tr|Q9K042|Q9K042_NEIMB,16455.34158528147
tr|Q9K044|Q9K044_NEIMB,46291.02115014155
tr|Q9K046|Q9K046_NEIMB,15616.71554476141
tr|Q9K047|Q9K047_NEIMB,11574.94330597913
tr|Q9K049|Q9K049_NEIMB,8026.852071809871
tr|Q9K050|Q9K050_NEIMB,28814.49014176328
tr|Q9K051|Q9K051_NEIMB,12853.61397170859
tr|Q9K052|Q9K052_NEIMB,36977.320231037455
tr|Q9K053|Q9K053_NEIMB,41481.4119972458
tr|Q9K057|Q9K057_NEIMB,32058.36194035969
tr|Q9K058|Q9K058_NEIMB,16769.776333758808
tr|Q9K059|Q9K059_NEIMB,8540.313634663959
tr|Q9K061|Q9K061_NEIMB,26388.488865264306
tr|Q9K065|Q9K065_NEIMB,5794.02969108831
tr|Q9K066|Q9K066_NEIMB,3995.94107573558
tr|Q9K067|Q9K067_NEIMB,9293.51357143213
tr|Q9K071|Q9K071_NEIMB,20843.93223985469
tr|Q9K072|Q9K072_NEIMB,14516.85284216901
tr|Q9K074|Q9K074_NEIMB,17997.302817331358
tr|Q9K076|Q9K076_NEIMB,13337.766928338791
tr|Q9K077|Q9K077_NEIMB,52758.910987575364
tr|Q9K079|Q9K079_NEIMB,57216.75724391751
tr|Q9K082|Q9K082_NEIMB,16081.52108518665
tr|Q9K084|Q9K084_NEIMB,17777.29749367232
tr|Q9K087|Q9K087_NEIMB,8628.18828538744
tr|Q9K088|Q9K088_NEIMB,17502.976979526018
tr|Q9K091|Q9K091_NEIMB,56720.28539919415
tr|Q9K098|Q9K098_NEIMB,14705.3478443377
tr|Q9K099|Q9K099_NEIMB,10313.16166976436
tr|Q9K0A0|Q9K0A0_NEIMB,11428.02822862886
tr|Q9K0A1|Q9K0A1_NEIMB,27870.598525922243
tr|Q9K0A4|Q9K0A4_NEIMB,33302.45944267061
tr|Q9K0A5|Q9K0A5_NEIMB,21022.45678742971
tr|Q9K0A6|Q9K0A6_NEIMB,36303.65082380248
tr|Q9K0A9|Q9K0A9_NEIMB,32915.12589514369
tr|Q9K0B2|Q9K0B2_NEIMB,74362.31411460218
tr|Q9K0B3|Q9K0B3_NEIMB,9726.20850519397
tr|Q9K0B6|Q9K0B6_NEIMB,25351.12122343778
tr|Q9K0B8|Q9K0B8_NEIMB,26993.87240460132
tr|Q9K0B9|Q9K0B9_NEIMB,14154.85500237108
tr|Q9K0C0|Q9K0C0_NEIMB,16604.64819195644
tr|Q9K0C2|Q9K0C2_NEIMB,35513.63072178047
tr|Q9K0C3|Q9K0C3_NEIMB,17443.246075711137
tr|Q9K0C9|Q9K0C9_NEIMB,11789.5081044534
tr|Q9K0D2|Q9K0D2_NEIMB,22717.80027818054
tr|Q9K0D5|Q9K0D5_NEIMB,14979.462079518838
tr|Q9K0E2|Q9K0E2_NEIMB,46978.97410477399
tr|Q9K0E5|Q9K0E5_NEIMB,7054.50893742215
tr|Q9K0E6|Q9K0E6_NEIMB,13399.89311702169
tr|Q9K0E7|Q9K0E7_NEIMB,15062.760531621108
tr|Q9K0E8|Q9K0E8_NEIMB,16287.92967065452
tr|Q9K0E9|Q9K0E9_NEIMB,9927.27381663618
tr|Q9K0F0|Q9K0F0_NEIMB,7471.86422284272
tr|Q9K0F1|Q9K0F1_NEIMB,12253.164044331628
tr|Q9K0F2|Q9K0F2_NEIMB,26138.20651061489
tr|Q9K0F3|Q9K0F3_NEIMB,12392.993648770389
tr|Q9K0F4|Q9K0F4_NEIMB,45816.77000133398
tr|Q9K0F5|Q9K0F5_NEIMB,14848.70474808049
tr|Q9K0F6|Q9K0F6_NEIMB,16051.276118939111
tr|Q9K0F7|Q9K0F7_NEIMB,8599.36901974991
tr|Q9K0F8|Q9K0F8_NEIMB,16540.854433899567
tr|Q9K0F9|Q9K0F9_NEIMB,45480.51255226705
tr|Q9K0G0|Q9K0G0_NEIMB,11377.730487275161
tr|Q9K0G1|Q9K0G1_NEIMB,18293.1935350958
tr|Q9K0G2|Q9K0G2_NEIMB,66551.86445343053
tr|Q9K0G3|Q9K0G3_NEIMB,17492.81076978048
tr|Q9K0G5|Q9K0G5_NEIMB,8498.75677904758
tr|Q9K0G9|Q9K0G9_NEIMB,14516.14941258921
tr|Q9K0H0|Q9K0H0_NEIMB,38007.03644278547
tr|Q9K0H1|Q9K0H1_NEIMB,52168.27594953829
tr|Q9K0H7|Q9K0H7_NEIMB,18973.749188001
tr|Q9K0H9|Q9K0H9_NEIMB,31415.026036953466
tr|Q9K0I0|Q9K0I0_NEIMB,24014.1446219333
tr|Q9K0I5|Q9K0I5_NEIMB,48383.215923870834
tr|Q9K0I6|Q9K0I6_NEIMB,4019.04059617817
tr|Q9K0I7|Q9K0I7_NEIMB,32597.743353217236
tr|Q9K0I8|Q9K0I8_NEIMB,35764.15437114553
tr|Q9K0J1|Q9K0J1_NEIMB,9702.315536617169
tr|Q9K0J2|Q9K0J2_NEIMB,40578.95291560766
tr|Q9K0J3|Q9K0J3_NEIMB,37896.74036913185
tr|Q9K0J5|Q9K0J5_NEIMB,11563.939356248422
tr|Q9K0J9|Q9K0J9_NEIMB,13228.10915823517
tr|Q9K0K0|Q9K0K0_NEIMB,67112.3704773751
tr|Q9K0K2|Q9K0K2_NEIMB,89060.10831080966
tr|Q9K0K6|Q9K0K6_NEIMB,28330.499605863362
tr|Q9K0K7|Q9K0K7_NEIMB,30734.777172753616
tr|Q9K0K8|Q9K0K8_NEIMB,33260.20638624059
tr|Q9K0L0|Q9K0L0_NEIMB,31434.33325967895
tr|Q9K0L1|Q9K0L1_NEIMB,25272.25728194027
tr|Q9K0L2|Q9K0L2_NEIMB,20512.55437902798
tr|Q9K0L4|Q9K0L4_NEIMB,22322.10462935594
tr|Q9K0L5|Q9K0L5_NEIMB,38215.72396441629
tr|Q9K0L6|Q9K0L6_NEIMB,20602.107615107987
tr|Q9K0L9|Q9K0L9_NEIMB,21039.13616126432
tr|Q9K0M0|Q9K0M0_NEIMB,22250.17952277635
tr|Q9K0M1|Q9K0M1_NEIMB,13825.19240064406
tr|Q9K0M2|Q9K0M2_NEIMB,51658.60863623787
tr|Q9K0N1|Q9K0N1_NEIMB,17577.75193019853
tr|Q9K0N2|Q9K0N2_NEIMB,25768.16469297643
tr|Q9K0N3|Q9K0N3_NEIMB,10277.865549525928
tr|Q9K0N5|Q9K0N5_NEIMB,39194.31201006505
tr|Q9K0N8|Q9K0N8_NEIMB,41717.63519680396
tr|Q9K0N9|Q9K0N9_NEIMB,14552.38008955001
tr|Q9K0P3|Q9K0P3_NEIMB,7492.462031909649
tr|Q9K0P4|Q9K0P4_NEIMB,18500.14235729611
tr|Q9K0P8|Q9K0P8_NEIMB,31130.91460331255
tr|Q9K0P9|Q9K0P9_NEIMB,49411.77614176918
tr|Q9K0Q1|Q9K0Q1_NEIMB,15104.841572118688
tr|Q9K0Q3|Q9K0Q3_NEIMB,53480.20860231996
tr|Q9K0Q6|Q9K0Q6_NEIMB,13440.18212285129
tr|Q9K0Q8|Q9K0Q8_NEIMB,19030.61828858353
sp|Q9K0R0|Y524_NEIMB,45857.7994508211
tr|Q9K0R1|Q9K0R1_NEIMB,6748.58369090517
tr|Q9K0R2|Q9K0R2_NEIMB,10087.05180278962
tr|Q9K0R3|Q9K0R3_NEIMB,5977.96204997587
tr|Q9K0R4|Q9K0R4_NEIMB,36491.92894460553
tr|Q9K0R5|Q9K0R5_NEIMB,13598.260462221111
tr|Q9K0R6|Q9K0R6_NEIMB,8335.70838485467
tr|Q9K0R7|Q9K0R7_NEIMB,15899.78601559936
tr|Q9K0R8|Q9K0R8_NEIMB,16731.55823109979
tr|Q9K0R9|Q9K0R9_NEIMB,66808.00153700222
tr|Q9K0S0|Q9K0S0_NEIMB,27647.60557609621
tr|Q9K0S1|Q9K0S1_NEIMB,19555.52205823974
tr|Q9K0S2|Q9K0S2_NEIMB,52663.67858533348
tr|Q9K0S3|Q9K0S3_NEIMB,10047.21505620082
tr|Q9K0S4|Q9K0S4_NEIMB,7569.028027859209
tr|Q9K0S5|Q9K0S5_NEIMB,69905.91041590943
tr|Q9K0S6|Q9K0S6_NEIMB,57040.18717782746
tr|Q9K0S7|Q9K0S7_NEIMB,204916.703932348
tr|Q9K0S8|Q9K0S8_NEIMB,63447.06363637424
tr|Q9K0S9|Q9K0S9_NEIMB,37408.418204679525
tr|Q9K0T0|Q9K0T0_NEIMB,288091.627944265
tr|Q9K0T1|Q9K0T1_NEIMB,12716.51823952646
tr|Q9K0T2|Q9K0T2_NEIMB,17285.76117689113
tr|Q9K0T3|Q9K0T3_NEIMB,32536.01614575808
tr|Q9K0T4|Q9K0T4_NEIMB,31586.2685005145
tr|Q9K0T5|Q9K0T5_NEIMB,18832.34132356655
tr|Q9K0T6|Q9K0T6_NEIMB,3723.02673482557
tr|Q9K0T7|Q9K0T7_NEIMB,51742.54675302172
tr|Q9K0T9|Q9K0T9_NEIMB,24884.27560018664
tr|Q9K0U2|Q9K0U2_NEIMB,51658.43324465603
tr|Q9K0U4|Q9K0U4_NEIMB,10695.463923122661
tr|Q9K0U6|Q9K0U6_NEIMB,25083.5973413097
tr|Q9K0U8|Q9K0U8_NEIMB,50523.7780311819
sp|Q9K0V1|Y459_NEIMB,41757.80462655469
tr|Q9K0V2|Q9K0V2_NEIMB,16763.423097949028
tr|Q9K0V6|Q9K0V6_NEIMB,28082.853455281347
tr|Q9K0V7|Q9K0V7_NEIMB,16748.680667127723
tr|Q9K0V8|Q9K0V8_NEIMB,8568.383832912
tr|Q9K0W3|Q9K0W3_NEIMB,30228.260264950917
tr|Q9K0W4|Q9K0W4_NEIMB,38032.08583550604
tr|Q9K0W5|Q9K0W5_NEIMB,29244.95659859274
tr|Q9K0W6|Q9K0W6_NEIMB,31616.41331864988
tr|Q9K0W7|Q9K0W7_NEIMB,41723.21303736836
tr|Q9K0W8|Q9K0W8_NEIMB,14437.30482081126
tr|Q9K0W9|Q9K0W9_NEIMB,16130.438090564137
tr|Q9K0X0|Q9K0X0_NEIMB,23400.07000716652
tr|Q9K0X2|Q9K0X2_NEIMB,40941.87501832836
tr|Q9K0X4|Q9K0X4_NEIMB,27218.13588403939
tr|Q9K0X6|Q9K0X6_NEIMB,3890.041565071
tr|Q9K0X7|Q9K0X7_NEIMB,46036.4759924256
tr|Q9K0Y5|Q9K0Y5_NEIMB,22116.883775278904
tr|Q9K0Y7|Q9K0Y7_NEIMB,6393.38188439598
tr|Q9K0Z2|Q9K0Z2_NEIMB,44486.629430682806
tr|Q9K0Z5|Q9K0Z5_NEIMB,31593.40155875753
tr|Q9K0Z6|Q9K0Z6_NEIMB,53582.837736152076
tr|Q9K0Z8|Q9K0Z8_NEIMB,3282.8135541718502
tr|Q9K101|Q9K101_NEIMB,10628.80470886319
tr|Q9K102|Q9K102_NEIMB,10127.40177037718
tr|Q9K104|Q9K104_NEIMB,35417.290872254234
tr|Q9K110|Q9K110_NEIMB,36596.5786905841
tr|Q9K111|Q9K111_NEIMB,48857.274741082525
tr|Q9K114|Q9K114_NEIMB,10982.492628016249
tr|Q9K115|Q9K115_NEIMB,8758.33871232326
tr|Q9K116|Q9K116_NEIMB,35120.40684724586
tr|Q9K119|Q9K119_NEIMB,4453.30453236811
tr|Q9K120|Q9K120_NEIMB,51113.9149135796
tr|Q9K121|Q9K121_NEIMB,14136.7610849029
tr|Q9K122|Q9K122_NEIMB,25192.9216090214
tr|Q9K123|Q9K123_NEIMB,16804.52698002792
tr|Q9K124|Q9K124_NEIMB,15338.622886014671
tr|Q9K125|Q9K125_NEIMB,14410.708913469149
tr|Q9K126|Q9K126_NEIMB,17814.74904249754
tr|Q9K127|Q9K127_NEIMB,15627.750488763239
tr|Q9K128|Q9K128_NEIMB,43131.72577949342
tr|Q9K129|Q9K129_NEIMB,29935.639271589847
tr|Q9K130|Q9K130_NEIMB,5172.8071594924195
tr|Q9K131|Q9K131_NEIMB,3098.55307408281
sp|Q9K132|Y361_NEIMB,10081.1776928802
tr|Q9K133|Q9K133_NEIMB,46279.966267738106
tr|Q9K136|Q9K136_NEIMB,21726.82524873492
tr|Q9K140|Q9K140_NEIMB,17564.58203514792
tr|Q9K144|Q9K144_NEIMB,28665.88978358039
tr|Q9K145|Q9K145_NEIMB,9997.217700491921
tr|Q9K146|Q9K146_NEIMB,10110.18405989145
tr|Q9K147|Q9K147_NEIMB,92433.11041513039
tr|Q9K149|Q9K149_NEIMB,17652.71493038883
tr|Q9K156|Q9K156_NEIMB,3863.02732907253
tr|Q9K157|Q9K157_NEIMB,43610.69704843051
tr|Q9K158|Q9K158_NEIMB,5711.1516715855205
tr|Q9K159|Q9K159_NEIMB,55105.219188536525
tr|Q9K160|Q9K160_NEIMB,41297.65132400328
tr|Q9K163|Q9K163_NEIMB,46411.972234711524
tr|Q9K164|Q9K164_NEIMB,36736.587071339265
tr|Q9K167|Q9K167_NEIMB,18530.26649139229
tr|Q9K170|Q9K170_NEIMB,7412.81692793925
tr|Q9K171|Q9K171_NEIMB,6303.36700130636
tr|Q9K172|Q9K172_NEIMB,7758.962908421509
tr|Q9K173|Q9K173_NEIMB,15875.59939582107
tr|Q9K174|Q9K174_NEIMB,7053.8357636972605
tr|Q9K175|Q9K175_NEIMB,3560.7854590143897
tr|Q9K176|Q9K176_NEIMB,29698.88474255815
tr|Q9K178|Q9K178_NEIMB,22080.34238444761
tr|Q9K179|Q9K179_NEIMB,33688.53833425643
tr|Q9K180|Q9K180_NEIMB,7583.763933831439
tr|Q9K182|Q9K182_NEIMB,22049.189586949422
tr|Q9K185|Q9K185_NEIMB,69268.86997108273
tr|Q9K186|Q9K186_NEIMB,37360.784799832414
tr|Q9K189|Q9K189_NEIMB,25233.77508789117
tr|Q9K191|Q9K191_NEIMB,34899.09872503797
tr|Q9K194|Q9K194_NEIMB,16288.343018768719
tr|Q9K195|Q9K195_NEIMB,11807.21546728001
tr|Q9K196|Q9K196_NEIMB,29380.8477168501
tr|Q9K198|Q9K198_NEIMB,27105.70758645616
tr|Q9K1A1|Q9K1A1_NEIMB,11774.04268770548
tr|Q9K1A3|Q9K1A3_NEIMB,67812.24239059925
tr|Q9K1A6|Q9K1A6_NEIMB,27487.16026631693
tr|Q9K1A7|Q9K1A7_NEIMB,14397.40469926046
tr|Q9K1B1|Q9K1B1_NEIMB,12975.735223929809
tr|Q9K1B3|Q9K1B3_NEIMB,27443.03014219361
tr|Q9K1B6|Q9K1B6_NEIMB,9547.78489098839
tr|Q9K1B7|Q9K1B7_NEIMB,16595.12853033715
tr|Q9K1C4|Q9K1C4_NEIMB,53477.01291970085
tr|Q9K1C5|Q9K1C5_NEIMB,14190.953393889402
tr|Q9K1C6|Q9K1C6_NEIMB,7738.235499250701
tr|Q9K1C7|Q9K1C7_NEIMB,6017.226137433539
tr|Q9K1C8|Q9K1C8_NEIMB,20340.68401044319
tr|Q9K1C9|Q9K1C9_NEIMB,3756.8207924071894
tr|Q9K1D1|Q9K1D1_NEIMB,4158.06869337388
tr|Q9K1D2|Q9K1D2_NEIMB,23545.06412502137
tr|Q9K1D3|Q9K1D3_NEIMB,41192.522025669066
tr|Q9K1D4|Q9K1D4_NEIMB,26567.01834054829
tr|Q9K1D6|Q9K1D6_NEIMB,7944.97398616733
tr|Q9K1D9|Q9K1D9_NEIMB,42068.633681799416
tr|Q9K1E0|Q9K1E0_NEIMB,31456.86944621889
tr|Q9K1E3|Q9K1E3_NEIMB,36863.78499682411
tr|Q9K1E6|Q9K1E6_NEIMB,71150.50359608809
tr|Q9K1E7|Q9K1E7_NEIMB,30285.20011690738
tr|Q9K1F2|Q9K1F2_NEIMB,6574.40594175707
tr|Q9K1F3|Q9K1F3_NEIMB,16101.06066774073
tr|Q9K1F4|Q9K1F4_NEIMB,15547.726959353999
tr|Q9K1F7|Q9K1F7_NEIMB,10451.66813714322
tr|Q9K1G2|Q9K1G2_NEIMB,27133.360185991027
tr|Q9K1G4|Q9K1G4_NEIMB,15357.96173630778
tr|Q9K1G5|Q9K1G5_NEIMB,42355.27646560737
tr|Q9K1H4|Q9K1H4_NEIMB,48556.41771911171
tr|Q9K1I9|Q9K1I9_NEIMB,5855.99735577209
tr|Q9K1J0|Q9K1J0_NEIMB,9019.57817780771
tr|Q9K1J2|Q9K1J2_NEIMB,5549.09167169494
tr|Q9K1J5|Q9K1J5_NEIMB,9546.192846303818
tr|Q9K1J6|Q9K1J6_NEIMB,21058.94268086724
tr|Q9K1J7|Q9K1J7_NEIMB,14299.237197092878
tr|Q9K1J8|Q9K1J8_NEIMB,21217.61515722342
tr|Q9K1J9|Q9K1J9_NEIMB,26790.21948222125
tr|Q9K1K1|Q9K1K1_NEIMB,42623.07095885405
tr|Q9K1K2|Q9K1K2_NEIMB,46343.73527149096
tr|Q9K1K4|Q9K1K4_NEIMB,19747.33094423493
tr|Q9K1K7|Q9K1K7_NEIMB,50088.809003371745
tr|Q9K1K8|Q9K1K8_NEIMB,24689.848044487648
tr|Q9K1L0|Q9K1L0_NEIMB,31560.997803235132
tr|Q9K1L1|Q9K1L1_NEIMB,24637.58335840653
tr|Q9K1L2|Q9K1L2_NEIMB,18148.812154883788
tr|Q9K1L3|Q9K1L3_NEIMB,5609.15053449698
tr|Q9K1L4|Q9K1L4_NEIMB,5853.89552902399
tr|Q9K1L5|Q9K1L5_NEIMB,6183.45011302992
tr|Q9K1L6|Q9K1L6_NEIMB,5470.652526409161
tr|Q9K1L7|Q9K1L7_NEIMB,7305.84787663102
tr|Q9K1L8|Q9K1L8_NEIMB,3240.6522705301095
tr|Q9K1L9|Q9K1L9_NEIMB,8498.07038033034
tr|Q9K1M0|Q9K1M0_NEIMB,8305.25615570405
sp|Q9K1M2|Y088_NEIMB,50486.68117868385
tr|Q9K1M3|Q9K1M3_NEIMB,36750.68975950368
tr|Q9K1M6|Q9K1M6_NEIMB,35122.14605441884
tr|Q9K1M7|Q9K1M7_NEIMB,70254.41309253448
tr|Q9K1M8|Q9K1M8_NEIMB,6073.14423741326
tr|Q9K1M9|Q9K1M9_NEIMB,12733.86952878687
tr|Q9K1N2|Q9K1N2_NEIMB,15288.582620547411
tr|Q9K1N3|Q9K1N3_NEIMB,24768.768401416477
tr|Q9K1N4|Q9K1N4_NEIMB,45645.51825789685
tr|Q9K1N5|Q9K1N5_NEIMB,79939.52299130725
tr|Q9K1N6|Q9K1N6_NEIMB,11346.83719075993
tr|Q9K1N7|Q9K1N7_NEIMB,8780.3262501466
tr|Q9K1P0|Q9K1P0_NEIMB,36449.22701584286
tr|Q9K1P1|Q9K1P1_NEIMB,26819.55138759542
tr|Q9K1P2|Q9K1P2_NEIMB,10449.05865073456
tr|Q9K1P4|Q9K1P4_NEIMB,11750.748316041248
tr|Q9K1P8|Q9K1P8_NEIMB,19580.15880244846
tr|Q9K1Q1|Q9K1Q1_NEIMB,33973.5142022806
tr|Q9K1Q2|Q9K1Q2_NEIMB,8087.267830035071
tr|Q9K1Q4|Q9K1Q4_NEIMB,8925.34372543793
tr|Q9K1Q7|Q9K1Q7_NEIMB,16553.97114076661
tr|Q9K1Q8|Q9K1Q8_NEIMB,35675.181819211844
tr|Q9K1R1|Q9K1R1_NEIMB,8932.60076153348
tr|Q9K1R4|Q9K1R4_NEIMB,17623.966033470988
tr|Q9K1R5|Q9K1R5_NEIMB,24181.75917429009
tr|Q9K1R7|Q9K1R7_NEIMB,14560.57296518689
tr|Q9K1R8|Q9K1R8_NEIMB,18688.54266856363
